set,name,node_count,budget,unguided_dag_cost,control_dag_cost,linear_dag_cost,bilinear_dag_cost,control_ratio,linear_ratio,bilinear_ratio,best_any_arm
dev,dev_b09_f01_00249,51,100,691,691,691,691,1.000000,1.000000,1.000000,691
dev,dev_b09_f01_00249,51,200,691,691,691,691,1.000000,1.000000,1.000000,691
dev,dev_b09_f03_00268,51,100,791,596,590,590,0.753477,0.745891,0.745891,590
dev,dev_b09_f03_00268,51,200,594,590,590,590,0.993266,0.993266,0.993266,590
dev,dev_b22_f06_00541,51,100,1145,779,750,975,0.680349,0.655022,0.851528,750
dev,dev_b22_f06_00541,51,200,1145,750,975,974,0.655022,0.851528,0.850655,750
dev,dev_b22_f06_00545,51,100,1014,644,644,644,0.635108,0.635108,0.635108,644
dev,dev_b22_f06_00545,51,200,644,644,644,644,1.000000,1.000000,1.000000,644
dev,dev_b16_f07_00437,52,100,1056,482,484,484,0.456439,0.458333,0.458333,476
dev,dev_b16_f07_00437,52,200,498,476,476,476,0.955823,0.955823,0.955823,476
dev,dev_b27_f03_00613,52,100,1086,727,727,727,0.669429,0.669429,0.669429,727
dev,dev_b27_f03_00613,52,200,727,727,727,727,1.000000,1.000000,1.000000,727
dev,dev_b09_f07_00327,53,100,1303,364,367,377,0.279355,0.281658,0.289332,355
dev,dev_b09_f07_00327,53,200,382,355,360,355,0.929319,0.942408,0.929319,355
dev,dev_b16_f06_00421,53,100,1083,728,722,722,0.672207,0.666667,0.666667,718
dev,dev_b16_f06_00421,53,200,722,722,718,722,1.000000,0.994460,1.000000,718
dev,dev_b16_f02_00371,54,100,998,998,998,998,1.000000,1.000000,1.000000,998
dev,dev_b16_f02_00371,54,200,998,998,998,998,1.000000,1.000000,1.000000,998
dev,dev_b16_f05_00415,54,100,649,464,458,458,0.714946,0.705701,0.705701,458
dev,dev_b16_f05_00415,54,200,641,458,458,458,0.714509,0.714509,0.714509,458
dev,dev_b09_f04_00292,55,100,1563,1384,1388,1388,0.885477,0.888036,0.888036,1384
dev,dev_b09_f04_00292,55,200,1384,1384,1388,1388,1.000000,1.002890,1.002890,1384
dev,dev_b09_f05_00298,55,100,1422,507,507,517,0.356540,0.356540,0.363572,507
dev,dev_b09_f05_00298,55,200,507,507,507,507,1.000000,1.000000,1.000000,507
dev,dev_b16_f03_00380,55,100,758,579,579,579,0.763852,0.763852,0.763852,579
dev,dev_b16_f03_00380,55,200,579,579,579,579,1.000000,1.000000,1.000000,579
dev,dev_b06_f04_00171,56,100,1790,495,499,515,0.276536,0.278771,0.287709,490
dev,dev_b06_f04_00171,56,200,490,490,490,490,1.000000,1.000000,1.000000,490
dev,dev_b16_f00_00338,56,100,1173,609,606,606,0.519182,0.516624,0.516624,606
dev,dev_b16_f00_00338,56,200,1154,609,606,606,0.527730,0.525130,0.525130,606
dev,dev_b16_f02_00366,56,100,863,867,864,880,1.004635,1.001159,1.019699,860
dev,dev_b16_f02_00366,56,200,860,860,860,864,1.000000,1.000000,1.004651,860
dev,dev_b22_f04_00513,56,100,1539,799,799,799,0.519168,0.519168,0.519168,799
dev,dev_b22_f04_00513,56,200,799,799,799,799,1.000000,1.000000,1.000000,799
dev,dev_b33_f06_00766,56,100,1402,674,674,674,0.480742,0.480742,0.480742,674
dev,dev_b33_f06_00766,56,200,674,674,674,674,1.000000,1.000000,1.000000,674
dev,dev_b09_f00_00225,57,100,1320,399,399,403,0.302273,0.302273,0.305303,399
dev,dev_b09_f00_00225,57,200,403,399,399,399,0.990074,0.990074,0.990074,399
dev,dev_b09_f06_00308,57,100,995,261,261,261,0.262312,0.262312,0.262312,261
dev,dev_b09_f06_00308,57,200,261,261,261,261,1.000000,1.000000,1.000000,261
dev,dev_b16_f00_00345,57,100,1395,830,830,830,0.594982,0.594982,0.594982,830
dev,dev_b16_f00_00345,57,200,830,830,830,830,1.000000,1.000000,1.000000,830
dev,dev_b16_f01_00361,57,100,1580,1580,1580,1580,1.000000,1.000000,1.000000,1580
dev,dev_b16_f01_00361,57,200,1580,1580,1580,1580,1.000000,1.000000,1.000000,1580
dev,dev_b16_f05_00419,57,100,1327,954,950,950,0.718915,0.715901,0.715901,950
dev,dev_b16_f05_00419,57,200,950,954,950,950,1.004211,1.000000,1.000000,950
dev,dev_b09_f01_00240,58,100,1459,534,534,534,0.366004,0.366004,0.366004,530
dev,dev_b09_f01_00240,58,200,537,530,530,530,0.986965,0.986965,0.986965,530
dev,dev_b22_f03_00494,58,100,1196,1011,1011,1011,0.845318,0.845318,0.845318,1011
dev,dev_b22_f03_00494,58,200,1011,1011,1011,1011,1.000000,1.000000,1.000000,1011
dev,dev_b06_f04_00179,59,100,1320,599,603,599,0.453788,0.456818,0.453788,599
dev,dev_b06_f04_00179,59,200,599,599,599,599,1.000000,1.000000,1.000000,599
dev,dev_b22_f01_00471,59,100,1289,1102,1102,1102,0.854926,0.854926,0.854926,1102
dev,dev_b22_f01_00471,59,200,1102,1102,1102,1102,1.000000,1.000000,1.000000,1102
dev,dev_b09_f02_00255,60,100,1230,668,668,683,0.543089,0.543089,0.555285,658
dev,dev_b09_f02_00255,60,200,683,658,658,662,0.963397,0.963397,0.969253,658
dev,dev_b16_f02_00376,60,100,1466,921,921,921,0.628240,0.628240,0.628240,921
dev,dev_b16_f02_00376,60,200,921,921,921,921,1.000000,1.000000,1.000000,921
dev,dev_b22_f06_00539,60,100,1200,1200,1200,1200,1.000000,1.000000,1.000000,1200
dev,dev_b22_f06_00539,60,200,1200,1200,1200,1200,1.000000,1.000000,1.000000,1200
dev,dev_b16_f02_00374,61,100,1331,953,957,957,0.716003,0.719008,0.719008,953
dev,dev_b16_f02_00374,61,200,953,953,957,957,1.000000,1.004197,1.004197,953
dev,dev_b16_f03_00385,61,100,1337,790,790,790,0.590875,0.590875,0.590875,790
dev,dev_b16_f03_00385,61,200,790,790,790,790,1.000000,1.000000,1.000000,790
dev,dev_b16_f06_00431,61,100,1508,778,752,940,0.515915,0.498674,0.623342,752
dev,dev_b16_f06_00431,61,200,1508,752,936,936,0.498674,0.620690,0.620690,752
dev,dev_b16_f07_00439,61,100,1531,980,984,980,0.640105,0.642717,0.640105,980
dev,dev_b16_f07_00439,61,200,980,980,980,980,1.000000,1.000000,1.000000,980
dev,dev_b22_f06_00537,61,100,1299,559,559,559,0.430331,0.430331,0.430331,559
dev,dev_b22_f06_00537,61,200,559,559,559,559,1.000000,1.000000,1.000000,559
dev,dev_b09_f04_00288,62,100,1238,1044,1044,1044,0.843296,0.843296,0.843296,1044
dev,dev_b09_f04_00288,62,200,1044,1044,1044,1044,1.000000,1.000000,1.000000,1044
dev,dev_b22_f02_00487,62,100,1417,1024,1027,1027,0.722653,0.724771,0.724771,1020
dev,dev_b22_f02_00487,62,200,1027,1020,1020,1020,0.993184,0.993184,0.993184,1020
dev,dev_b09_f06_00318,63,100,1513,1141,1132,1132,0.754131,0.748182,0.748182,1132
dev,dev_b09_f06_00318,63,200,1132,1132,1132,1132,1.000000,1.000000,1.000000,1132
dev,dev_b16_f00_00341,63,100,1699,1159,1159,1159,0.682166,0.682166,0.682166,1159
dev,dev_b16_f00_00341,63,200,1159,1159,1159,1159,1.000000,1.000000,1.000000,1159
dev,dev_b16_f02_00369,63,100,1366,598,623,632,0.437775,0.456076,0.462665,589
dev,dev_b16_f02_00369,63,200,619,589,589,589,0.951535,0.951535,0.951535,589
dev,dev_b16_f02_00372,63,100,1274,890,891,899,0.698587,0.699372,0.705651,882
dev,dev_b16_f02_00372,63,200,886,882,882,882,0.995485,0.995485,0.995485,882
dev,dev_b22_f03_00499,63,100,1336,951,936,936,0.711826,0.700599,0.700599,936
dev,dev_b22_f03_00499,63,200,944,936,936,936,0.991525,0.991525,0.991525,936
dev,dev_b22_f03_00500,63,100,1710,771,771,771,0.450877,0.450877,0.450877,771
dev,dev_b22_f03_00500,63,200,771,771,771,771,1.000000,1.000000,1.000000,771
dev,dev_b22_f07_00548,63,100,1344,970,970,970,0.721726,0.721726,0.721726,970
dev,dev_b22_f07_00548,63,200,970,970,970,970,1.000000,1.000000,1.000000,970
dev,dev_b27_f04_00626,63,100,1700,949,953,957,0.558235,0.560588,0.562941,949
dev,dev_b27_f04_00626,63,200,1145,949,949,949,0.828821,0.828821,0.828821,949
dev,dev_b16_f00_00344,64,100,1419,1039,1039,1043,0.732206,0.732206,0.735025,1039
dev,dev_b16_f00_00344,64,200,1039,1039,1039,1039,1.000000,1.000000,1.000000,1039
dev,dev_b16_f00_00346,64,100,1324,1134,1134,1134,0.856495,0.856495,0.856495,1134
dev,dev_b16_f00_00346,64,200,1134,1134,1134,1134,1.000000,1.000000,1.000000,1134
dev,dev_b16_f02_00370,64,100,1500,1111,1114,1114,0.740667,0.742667,0.742667,1107
dev,dev_b16_f02_00370,64,200,1114,1107,1107,1107,0.993716,0.993716,0.993716,1107
dev,dev_b16_f04_00392,64,100,1074,1074,1074,1074,1.000000,1.000000,1.000000,1074
dev,dev_b16_f04_00392,64,200,1074,1074,1074,1074,1.000000,1.000000,1.000000,1074
dev,dev_b16_f05_00408,64,100,1852,1124,1128,1124,0.606911,0.609071,0.606911,1124
dev,dev_b16_f05_00408,64,200,1665,1124,1124,1124,0.675075,0.675075,0.675075,1124
dev,dev_b22_f01_00472,64,100,1392,1209,1209,1209,0.868534,0.868534,0.868534,1209
dev,dev_b22_f01_00472,64,200,1209,1209,1209,1209,1.000000,1.000000,1.000000,1209
dev,dev_b22_f03_00495,64,100,1409,844,844,844,0.599006,0.599006,0.599006,844
dev,dev_b22_f03_00495,64,200,844,844,844,844,1.000000,1.000000,1.000000,844
dev,dev_b22_f05_00526,64,100,1585,859,865,865,0.541956,0.545741,0.545741,859
dev,dev_b22_f05_00526,64,200,859,859,865,865,1.000000,1.006985,1.006985,859
dev,dev_b27_f05_00637,64,100,1542,820,820,820,0.531777,0.531777,0.531777,820
dev,dev_b27_f05_00637,64,200,820,820,820,820,1.000000,1.000000,1.000000,820
dev,dev_b16_f04_00400,65,100,1816,1058,1058,1061,0.582599,0.582599,0.584251,1058
dev,dev_b16_f04_00400,65,200,1078,1058,1058,1058,0.981447,0.981447,0.981447,1058
dev,dev_b16_f05_00410,65,100,1494,960,950,950,0.642570,0.635877,0.635877,950
dev,dev_b16_f05_00410,65,200,950,960,950,950,1.010526,1.000000,1.000000,950
dev,dev_b27_f00_00564,65,100,1553,806,806,806,0.518995,0.518995,0.518995,806
dev,dev_b27_f00_00564,65,200,806,806,806,806,1.000000,1.000000,1.000000,806
dev,dev_b33_f07_00778,65,100,1387,1019,1019,1019,0.734679,0.734679,0.734679,1019
dev,dev_b33_f07_00778,65,200,1019,1019,1019,1019,1.000000,1.000000,1.000000,1019
dev,dev_b16_f02_00368,66,100,1257,1249,1249,1249,0.993636,0.993636,0.993636,1249
dev,dev_b16_f02_00368,66,200,1249,1249,1249,1249,1.000000,1.000000,1.000000,1249
dev,dev_b22_f05_00522,66,100,1703,1148,1148,1148,0.674105,0.674105,0.674105,1148
dev,dev_b22_f05_00522,66,200,1148,1148,1148,1148,1.000000,1.000000,1.000000,1148
dev,dev_b33_f04_00729,66,100,1541,1006,1006,1006,0.652823,0.652823,0.652823,1006
dev,dev_b33_f04_00729,66,200,1006,1006,1006,1006,1.000000,1.000000,1.000000,1006
dev,dev_b09_f05_00297,67,100,1815,883,883,888,0.486501,0.486501,0.489256,876
dev,dev_b09_f05_00297,67,200,880,876,876,880,0.995455,0.995455,1.000000,876
dev,dev_b16_f04_00399,67,100,1425,683,683,687,0.479298,0.479298,0.482105,683
dev,dev_b16_f04_00399,67,200,683,683,683,683,1.000000,1.000000,1.000000,683
dev,dev_b27_f01_00579,67,100,1936,1195,1195,1386,0.617252,0.617252,0.715909,1195
dev,dev_b27_f01_00579,67,200,1195,1195,1195,1195,1.000000,1.000000,1.000000,1195
dev,dev_b16_f01_00359,68,100,1717,1162,1159,1159,0.676762,0.675015,0.675015,1155
dev,dev_b16_f01_00359,68,200,1167,1155,1155,1155,0.989717,0.989717,0.989717,1155
dev,dev_b22_f00_00458,68,100,1933,1386,1390,1386,0.717020,0.719089,0.717020,1386
dev,dev_b22_f00_00458,68,200,1386,1386,1386,1386,1.000000,1.000000,1.000000,1386
dev,dev_b09_f06_00317,69,100,1850,930,930,934,0.502703,0.502703,0.504865,930
dev,dev_b09_f06_00317,69,200,930,930,930,930,1.000000,1.000000,1.000000,930
dev,dev_b22_f03_00503,69,100,1810,910,720,720,0.502762,0.397790,0.397790,720
dev,dev_b22_f03_00503,69,200,910,910,910,910,1.000000,1.000000,1.000000,720
dev,dev_b16_f02_00377,70,100,1387,629,626,626,0.453497,0.451334,0.451334,626
dev,dev_b16_f02_00377,70,200,822,626,626,626,0.761557,0.761557,0.761557,626
dev,dev_b16_f03_00391,70,100,1774,671,678,866,0.378241,0.382187,0.488162,671
dev,dev_b16_f03_00391,70,200,671,855,1047,671,1.274218,1.560358,1.000000,671
dev,dev_b16_f07_00446,70,100,1923,977,977,977,0.508060,0.508060,0.508060,970
dev,dev_b16_f07_00446,70,200,977,970,970,970,0.992835,0.992835,0.992835,970
dev,dev_b27_f07_00659,70,100,1379,1383,1379,1383,1.002901,1.000000,1.002901,1379
dev,dev_b27_f07_00659,70,200,1379,1383,1379,1383,1.002901,1.000000,1.002901,1379
dev,dev_b33_f07_00781,70,100,1771,861,861,861,0.486166,0.486166,0.486166,861
dev,dev_b33_f07_00781,70,200,1400,861,864,861,0.615000,0.617143,0.615000,861
dev,dev_b22_f06_00532,71,100,1763,1008,1002,1002,0.571753,0.568349,0.568349,991
dev,dev_b22_f06_00532,71,200,1018,1002,1006,1006,0.984283,0.988212,0.988212,991
dev,dev_b16_f06_00420,72,100,2042,935,935,945,0.457884,0.457884,0.462782,935
dev,dev_b16_f06_00420,72,200,2039,935,935,935,0.458558,0.458558,0.458558,935
dev,dev_b27_f04_00621,72,100,2106,818,822,1204,0.388414,0.390313,0.571700,813
dev,dev_b27_f04_00621,72,200,813,813,813,813,1.000000,1.000000,1.000000,813
dev,dev_b16_f00_00339,73,100,1782,1208,1200,1203,0.677890,0.673401,0.675084,1196
dev,dev_b16_f00_00339,73,200,1205,1208,1207,1203,1.002490,1.001660,0.998340,1196
dev,dev_b27_f02_00600,74,100,2360,1055,1054,1250,0.447034,0.446610,0.529661,1051
dev,dev_b27_f02_00600,74,200,1055,1051,1055,1051,0.996209,1.000000,0.996209,1051
dev,dev_b09_f04_00282,75,100,1908,617,620,999,0.323375,0.324948,0.523585,613
dev,dev_b09_f04_00282,75,200,613,613,613,613,1.000000,1.000000,1.000000,613
dev,dev_b16_f03_00390,75,100,1325,1125,1125,1125,0.849057,0.849057,0.849057,1125
dev,dev_b16_f03_00390,75,200,1125,1125,1125,1125,1.000000,1.000000,1.000000,1125
dev,dev_b22_f00_00449,75,100,1836,1472,1472,1472,0.801743,0.801743,0.801743,1472
dev,dev_b22_f00_00449,75,200,1472,1472,1472,1472,1.000000,1.000000,1.000000,1472
dev,dev_b22_f01_00470,75,100,1919,1002,999,1190,0.522147,0.520584,0.620115,995
dev,dev_b22_f01_00470,75,200,1919,998,995,995,0.520063,0.518499,0.518499,995
dev,dev_b16_f03_00382,76,100,1661,1109,1105,1109,0.667670,0.665262,0.667670,1105
dev,dev_b16_f03_00382,76,200,1109,1109,1105,1109,1.000000,0.996393,1.000000,1105
dev,dev_b22_f00_00450,76,100,2143,1401,1401,1402,0.653756,0.653756,0.654223,1401
dev,dev_b22_f00_00450,76,200,1401,1401,1401,1401,1.000000,1.000000,1.000000,1401
dev,dev_b27_f06_00646,76,100,1932,1352,1352,1352,0.699793,0.699793,0.699793,1352
dev,dev_b27_f06_00646,76,200,1352,1352,1352,1352,1.000000,1.000000,1.000000,1352
dev,dev_b16_f04_00405,77,100,2010,1266,1270,1266,0.629851,0.631841,0.629851,1265
dev,dev_b16_f04_00405,77,200,1265,1266,1266,1266,1.000791,1.000791,1.000791,1265
dev,dev_b22_f03_00492,77,100,1494,1118,1118,1118,0.748327,0.748327,0.748327,1118
dev,dev_b22_f03_00492,77,200,1118,1118,1118,1118,1.000000,1.000000,1.000000,1118
dev,dev_b22_f07_00556,77,100,2100,1150,1150,1154,0.547619,0.547619,0.549524,1150
dev,dev_b22_f07_00556,77,200,1346,1150,1150,1150,0.854383,0.854383,0.854383,1150
dev,dev_b16_f04_00395,78,100,2142,1020,1023,1233,0.476190,0.477591,0.575630,1020
dev,dev_b16_f04_00395,78,200,1024,1020,1020,1020,0.996094,0.996094,0.996094,1020
dev,dev_b16_f05_00417,78,100,1687,1133,1127,1127,0.671606,0.668050,0.668050,1127
dev,dev_b16_f05_00417,78,200,1131,1127,1127,1127,0.996463,0.996463,0.996463,1127
dev,dev_b16_f03_00378,79,100,2234,1295,1298,1298,0.579678,0.581021,0.581021,1291
dev,dev_b16_f03_00378,79,200,2234,1291,1291,1291,0.577887,0.577887,0.577887,1291
dev,dev_b16_f05_00409,79,100,2175,1260,1260,1260,0.579310,0.579310,0.579310,1260
dev,dev_b16_f05_00409,79,200,1440,1260,1260,1260,0.875000,0.875000,0.875000,1260
dev,dev_b09_f04_00289,80,100,1856,1114,1117,1114,0.600216,0.601832,0.600216,1109
dev,dev_b09_f04_00289,80,200,1109,1109,1293,1109,1.000000,1.165915,1.000000,1109
dev,dev_b16_f03_00387,80,100,1717,968,968,1155,0.563774,0.563774,0.672685,964
dev,dev_b16_f03_00387,80,200,968,968,968,964,1.000000,1.000000,0.995868,964
dev,dev_b16_f02_00364,81,100,2168,1233,1233,1439,0.568727,0.568727,0.663745,1233
dev,dev_b16_f02_00364,81,200,1248,1233,1233,1233,0.987981,0.987981,0.987981,1233
dev,dev_b16_f04_00403,81,100,1919,1186,1189,1194,0.618030,0.619594,0.622199,1186
dev,dev_b16_f04_00403,81,200,1186,1186,1186,1186,1.000000,1.000000,1.000000,1186
dev,dev_b27_f03_00611,81,100,1987,1440,1434,1442,0.724711,0.721691,0.725717,1433
dev,dev_b27_f03_00611,81,200,1433,1434,1434,1434,1.000698,1.000698,1.000698,1433
dev,dev_b27_f06_00645,81,100,2223,1485,1485,1485,0.668016,0.668016,0.668016,1485
dev,dev_b27_f06_00645,81,200,1485,1485,1485,1485,1.000000,1.000000,1.000000,1485
dev,dev_b16_f07_00442,82,100,2210,1080,1076,1076,0.488688,0.486878,0.486878,1076
dev,dev_b16_f07_00442,82,200,1276,1080,1076,1076,0.846395,0.843260,0.843260,1076
dev,dev_b22_f06_00535,82,100,1731,987,987,987,0.570191,0.570191,0.570191,986
dev,dev_b22_f06_00535,82,200,986,987,987,987,1.001014,1.001014,1.001014,986
dev,dev_b16_f03_00388,83,100,2714,1763,1751,1950,0.649595,0.645173,0.718497,1746
dev,dev_b16_f03_00388,83,200,2699,1746,1746,1751,0.646906,0.646906,0.648759,1746
dev,dev_b22_f03_00496,83,100,2355,1066,1066,1066,0.452654,0.452654,0.452654,1066
dev,dev_b22_f03_00496,83,200,1066,1066,1066,1066,1.000000,1.000000,1.000000,1066
dev,dev_b27_f00_00561,83,100,2447,1338,1332,1523,0.546792,0.544340,0.622395,1332
dev,dev_b27_f00_00561,83,200,1346,1332,1332,1332,0.989599,0.989599,0.989599,1332
dev,dev_b27_f07_00666,83,100,2072,1694,1694,1694,0.817568,0.817568,0.817568,1694
dev,dev_b27_f07_00666,83,200,1694,1694,1694,1694,1.000000,1.000000,1.000000,1694
dev,dev_b27_f06_00644,84,100,1998,1038,1255,1263,0.519520,0.628128,0.632132,1029
dev,dev_b27_f06_00644,84,200,1029,1029,1029,1029,1.000000,1.000000,1.000000,1029
dev,dev_b22_f01_00462,85,100,2299,976,976,980,0.424532,0.424532,0.426272,976
dev,dev_b22_f01_00462,85,200,1016,976,976,976,0.960630,0.960630,0.960630,976
dev,dev_b33_f01_00696,85,100,2671,2102,2102,2102,0.786971,0.786971,0.786971,2102
dev,dev_b33_f01_00696,85,200,2102,2102,2102,2102,1.000000,1.000000,1.000000,2102
dev,dev_b22_f03_00491,87,100,2662,1190,1194,1194,0.447032,0.448535,0.448535,1190
dev,dev_b22_f03_00491,87,200,1210,1190,1190,1190,0.983471,0.983471,0.983471,1190
dev,dev_b27_f01_00578,87,100,2629,1532,1536,1536,0.582731,0.584253,0.584253,1532
dev,dev_b27_f01_00578,87,200,1532,1532,1532,1532,1.000000,1.000000,1.000000,1532
dev,dev_b16_f01_00363,88,100,2032,1467,1463,1463,0.721949,0.719980,0.719980,1463
dev,dev_b16_f01_00363,88,200,1467,1467,1463,1463,1.000000,0.997273,0.997273,1463
dev,dev_b16_f07_00447,88,100,1925,1008,1014,1008,0.523636,0.526753,0.523636,1008
dev,dev_b16_f07_00447,88,200,1008,1008,1014,1014,1.000000,1.005952,1.005952,1008
dev,dev_b27_f02_00597,88,100,2173,1596,1599,1614,0.734468,0.735849,0.742752,1592
dev,dev_b27_f02_00597,88,200,1599,1592,1592,1592,0.995622,0.995622,0.995622,1592
dev,dev_b16_f06_00429,89,100,2148,1236,1224,1420,0.575419,0.569832,0.661080,1217
dev,dev_b16_f06_00429,89,200,2148,1217,1217,1217,0.566574,0.566574,0.566574,1217
dev,dev_b22_f01_00468,89,100,2140,1582,1579,1582,0.739252,0.737850,0.739252,1579
dev,dev_b22_f01_00468,89,200,1589,1579,1579,1579,0.993707,0.993707,0.993707,1579
dev,dev_b22_f07_00551,90,100,2329,1393,1181,1199,0.598111,0.507085,0.514813,1176
dev,dev_b22_f07_00551,90,200,2320,1176,1176,1181,0.506897,0.506897,0.509052,1176
dev,dev_b27_f03_00614,90,100,2063,1308,1314,1314,0.634028,0.636937,0.636937,1308
dev,dev_b27_f03_00614,90,200,1308,1308,1314,1314,1.000000,1.004587,1.004587,1308
dev,dev_b16_f05_00414,91,100,1718,1341,1341,1349,0.780559,0.780559,0.785215,1336
dev,dev_b16_f05_00414,91,200,1336,1336,1336,1336,1.000000,1.000000,1.000000,1336
dev,dev_b22_f05_00520,92,100,2360,1458,1446,1450,0.617797,0.612712,0.614407,1446
dev,dev_b22_f05_00520,92,200,1446,1446,1446,1446,1.000000,1.000000,1.000000,1446
dev,dev_b22_f04_00517,94,100,2587,2023,2027,2031,0.781987,0.783533,0.785079,2023
dev,dev_b22_f04_00517,94,200,2023,2023,2023,2023,1.000000,1.000000,1.000000,2023
dev,dev_b22_f05_00529,94,100,2381,1617,1627,1812,0.679126,0.683326,0.761025,1613
dev,dev_b22_f05_00529,94,200,1617,1613,1617,1613,0.997526,1.000000,0.997526,1613
dev,dev_b22_f06_00544,94,100,3007,1917,1905,1905,0.637512,0.633522,0.633522,1905
dev,dev_b22_f06_00544,94,200,1905,1905,1905,1905,1.000000,1.000000,1.000000,1905
dev,dev_b27_f01_00576,94,100,2333,1229,1229,1229,0.526790,0.526790,0.526790,1229
dev,dev_b27_f01_00576,94,200,1229,1229,1229,1229,1.000000,1.000000,1.000000,1229
dev,dev_b16_f05_00406,96,100,2169,1043,1014,1226,0.480867,0.467497,0.565237,1014
dev,dev_b16_f05_00406,96,200,1039,1043,1014,1024,1.003850,0.975938,0.985563,1014
dev,dev_b27_f02_00592,98,100,2287,1724,1730,1724,0.753826,0.756449,0.753826,1724
dev,dev_b27_f02_00592,98,200,1724,1724,1724,1724,1.000000,1.000000,1.000000,1724
dev,dev_b22_f03_00498,100,100,2358,1240,1236,1236,0.525869,0.524173,0.524173,1236
dev,dev_b22_f03_00498,100,200,1236,1240,1236,1236,1.003236,1.000000,1.000000,1236
dev,dev_b22_f04_00509,100,100,2025,1443,1428,1431,0.712593,0.705185,0.706667,1428
dev,dev_b22_f04_00509,100,200,2002,1443,1428,1431,0.720779,0.713287,0.714785,1428
dev,dev_b22_f02_00488,101,100,2264,1522,1509,1513,0.672261,0.666519,0.668286,1509
dev,dev_b22_f02_00488,101,200,1513,1509,1509,1509,0.997356,0.997356,0.997356,1509
dev,dev_b27_f05_00640,102,100,1519,965,944,954,0.635286,0.621461,0.628045,934
dev,dev_b27_f05_00640,102,200,947,938,937,943,0.990496,0.989440,0.995776,934
dev,dev_b22_f02_00480,104,100,2178,1433,1433,1630,0.657943,0.657943,0.748393,1422
dev,dev_b22_f02_00480,104,200,1426,1426,1426,1429,1.000000,1.000000,1.002104,1422
dev,dev_b27_f06_00654,104,100,2779,2040,2015,2038,0.734077,0.725081,0.733357,2008
dev,dev_b27_f06_00654,104,200,2038,2008,2008,2015,0.985280,0.985280,0.988714,2008
dev,dev_b22_f06_00534,106,100,2673,1575,1378,1386,0.589226,0.515526,0.518519,1378
dev,dev_b22_f06_00534,106,200,1378,1378,1378,1378,1.000000,1.000000,1.000000,1378
dev,dev_b22_f04_00515,107,100,2525,1057,1054,1058,0.418614,0.417426,0.419010,1054
dev,dev_b22_f04_00515,107,200,1054,1054,1054,1054,1.000000,1.000000,1.000000,1054
dev,dev_b27_f05_00635,107,100,2672,2117,2117,2117,0.792290,0.792290,0.792290,2117
dev,dev_b27_f05_00635,107,200,2117,2117,2117,2117,1.000000,1.000000,1.000000,2117
dev,dev_b16_f03_00386,108,100,3131,2060,2036,2041,0.657937,0.650271,0.651868,1987
dev,dev_b16_f03_00386,108,200,2551,2039,2032,2033,0.799294,0.796550,0.796942,1987
dev,dev_b27_f06_00655,108,100,2877,1782,1773,1781,0.619395,0.616267,0.619048,1769
dev,dev_b27_f06_00655,108,200,1769,1769,1769,1769,1.000000,1.000000,1.000000,1769
dev,dev_b22_f07_00557,109,100,2637,1363,1357,1380,0.516875,0.514600,0.523322,1357
dev,dev_b22_f07_00557,109,200,1372,1357,1357,1357,0.989067,0.989067,0.989067,1357
dev,dev_b27_f05_00636,109,100,2228,1129,1129,1138,0.506732,0.506732,0.510772,1126
dev,dev_b27_f05_00636,109,200,1126,1126,1126,1126,1.000000,1.000000,1.000000,1126
dev,dev_b22_f07_00554,111,100,2799,1687,1684,1875,0.602715,0.601643,0.669882,1684
dev,dev_b22_f07_00554,111,200,1698,1684,1684,1684,0.991755,0.991755,0.991755,1684
dev,dev_b16_f05_00413,112,100,2553,1448,1439,1440,0.567176,0.563651,0.564042,1433
dev,dev_b16_f05_00413,112,200,2544,1436,1433,1433,0.564465,0.563286,0.563286,1433
dev,dev_b27_f05_00633,113,100,2872,1774,1756,1764,0.617688,0.611421,0.614206,1756
dev,dev_b27_f05_00633,113,200,1757,1756,1756,1756,0.999431,0.999431,0.999431,1756
dev,dev_b22_f01_00463,114,100,2644,1729,1708,1708,0.653933,0.645991,0.645991,1708
dev,dev_b22_f01_00463,114,200,1708,1708,1708,1708,1.000000,1.000000,1.000000,1708
dev,dev_b33_f07_00783,115,100,3324,1652,1648,1663,0.496992,0.495788,0.500301,1641
dev,dev_b33_f07_00783,115,200,1652,1645,1641,1641,0.995763,0.993341,0.993341,1641
dev,dev_b16_f01_00351,116,100,2485,1930,1726,1733,0.776660,0.694567,0.697384,1726
dev,dev_b16_f01_00351,116,200,1730,1730,1729,1729,1.000000,0.999422,0.999422,1726
dev,dev_b22_f05_00527,116,100,2790,2046,1834,1853,0.733333,0.657348,0.664158,1811
dev,dev_b22_f05_00527,116,200,1844,1826,1811,1834,0.990239,0.982104,0.994577,1811
dev,dev_b27_f07_00668,116,100,3428,1771,1563,1754,0.516628,0.455951,0.511669,1563
dev,dev_b27_f07_00668,116,200,1763,1563,1563,1563,0.886557,0.886557,0.886557,1563
dev,dev_b33_f05_00748,116,100,2217,1491,1484,1485,0.672530,0.669373,0.669824,1481
dev,dev_b33_f05_00748,116,200,1485,1485,1481,1481,1.000000,0.997306,0.997306,1481
dev,dev_b22_f06_00533,117,100,2727,2167,1773,1964,0.794646,0.650165,0.720205,1769
dev,dev_b22_f06_00533,117,200,1777,1777,1773,1769,1.000000,0.997749,0.995498,1769
dev,dev_b22_f06_00536,117,100,3083,1597,1393,1588,0.518002,0.451833,0.515083,1378
dev,dev_b22_f06_00536,117,200,3061,1378,1386,1392,0.450180,0.452793,0.454753,1378
dev,dev_b27_f00_00562,117,100,2386,2016,2005,2016,0.844929,0.840319,0.844929,1880
dev,dev_b27_f00_00562,117,200,2006,2006,1886,2005,1.000000,0.940179,0.999501,1880
dev,dev_b33_f06_00769,117,100,3417,1943,1937,2154,0.568627,0.566872,0.630378,1934
dev,dev_b33_f06_00769,117,200,1934,1934,1934,1965,1.000000,1.000000,1.016029,1934
dev,dev_b22_f04_00511,119,100,3254,1984,1959,1963,0.609711,0.602028,0.603258,1959
dev,dev_b22_f04_00511,119,200,1963,1963,1959,1959,1.000000,0.997962,0.997962,1959
dev,dev_b22_f03_00490,120,100,3194,2255,1635,1824,0.706011,0.511897,0.571071,1629
dev,dev_b22_f03_00490,120,200,3167,1651,1629,1643,0.521314,0.514367,0.518787,1629
dev,dev_b27_f02_00594,120,100,2991,1537,1513,1521,0.513875,0.505851,0.508526,1498
dev,dev_b27_f02_00594,120,200,1523,1513,1513,1513,0.993434,0.993434,0.993434,1498
dev,dev_b16_f01_00350,121,100,2557,1617,1595,1607,0.632382,0.623778,0.628471,1571
dev,dev_b16_f01_00350,121,200,2534,1602,1571,1571,0.632202,0.619968,0.619968,1571
dev,dev_b16_f03_00384,121,100,3215,1916,1916,1917,0.595956,0.595956,0.596267,1897
dev,dev_b16_f03_00384,121,200,1912,1897,1901,1897,0.992155,0.994247,0.992155,1897
dev,dev_b16_f07_00443,121,100,2709,1604,1593,1597,0.592100,0.588040,0.589516,1580
dev,dev_b16_f07_00443,121,200,2691,1580,1588,1585,0.587142,0.590115,0.589000,1580
dev,dev_b22_f07_00550,122,100,2701,1964,1758,1759,0.727138,0.650870,0.651240,1750
dev,dev_b22_f07_00550,122,200,2683,1750,1750,1755,0.652255,0.652255,0.654119,1750
dev,dev_b27_f01_00577,124,100,3008,1732,1729,1917,0.575798,0.574801,0.637301,1729
dev,dev_b27_f01_00577,124,200,1729,1729,1916,1916,1.000000,1.108155,1.108155,1729
dev,dev_b27_f07_00670,124,100,3333,2052,2041,2044,0.615662,0.612361,0.613261,2037
dev,dev_b27_f07_00670,124,200,2037,2037,2037,2041,1.000000,1.000000,1.001964,2037
dev,dev_b33_f04_00728,124,100,2916,2360,2354,2354,0.809328,0.807270,0.807270,2354
dev,dev_b33_f04_00728,124,200,2354,2354,2354,2354,1.000000,1.000000,1.000000,2354
dev,dev_b16_f03_00389,125,100,2717,1597,1584,1784,0.587781,0.582996,0.656607,1576
dev,dev_b16_f03_00389,125,200,1967,1580,1583,1598,0.803254,0.804779,0.812405,1576
dev,dev_b27_f07_00665,125,100,2862,1553,1534,1915,0.542628,0.535989,0.669113,1534
dev,dev_b27_f07_00665,125,200,2850,1959,1947,1715,0.687368,0.683158,0.601754,1534
dev,dev_b22_f00_00456,126,100,3162,1885,1870,2066,0.596142,0.591398,0.653384,1860
dev,dev_b22_f00_00456,126,200,1862,1860,1860,1870,0.998926,0.998926,1.004296,1860
dev,dev_b22_f05_00525,126,100,3628,1800,1790,1814,0.496141,0.493385,0.500000,1785
dev,dev_b22_f05_00525,126,200,1794,1785,1785,1790,0.994983,0.994983,0.997770,1785
dev,dev_b22_f02_00485,127,100,3212,1929,1914,2121,0.600560,0.595890,0.660336,1906
dev,dev_b22_f02_00485,127,200,1940,1906,1906,1921,0.982474,0.982474,0.990206,1906
dev,dev_b22_f05_00531,127,100,2412,1498,1276,1282,0.621061,0.529022,0.531509,1270
dev,dev_b22_f05_00531,127,200,2400,1274,1270,1270,0.530833,0.529167,0.529167,1270
dev,dev_b22_f07_00559,127,100,3058,2312,2084,2277,0.756050,0.681491,0.744604,2071
dev,dev_b22_f07_00559,127,200,2823,2079,2071,2088,0.736451,0.733617,0.739639,2071
dev,dev_b27_f04_00625,127,100,3612,1764,1766,1766,0.488372,0.488926,0.488926,1751
dev,dev_b27_f04_00625,127,200,1769,1755,1751,1751,0.992086,0.989825,0.989825,1751
dev,dev_b22_f06_00540,129,100,3140,1671,1661,1668,0.532166,0.528981,0.531210,1645
dev,dev_b22_f06_00540,129,200,1665,1661,1661,1661,0.997598,0.997598,0.997598,1645
dev,dev_b22_f02_00484,130,100,3634,2337,2332,2331,0.643093,0.641717,0.641442,2324
dev,dev_b22_f02_00484,130,200,2328,2324,2324,2324,0.998282,0.998282,0.998282,2324
dev,dev_b22_f06_00543,130,100,3434,2857,2842,2857,0.831974,0.827606,0.831974,2835
dev,dev_b22_f06_00543,130,200,2857,2839,2835,2842,0.993700,0.992300,0.994750,2835
dev,dev_b27_f04_00620,130,100,3041,1576,1571,1582,0.518251,0.516606,0.520224,1567
dev,dev_b27_f04_00620,130,200,1567,1567,1570,1570,1.000000,1.001914,1.001914,1567
dev,dev_b22_f02_00477,132,100,2931,2000,1985,1995,0.682361,0.677243,0.680655,1975
dev,dev_b22_f02_00477,132,200,2905,1979,1978,1984,0.681239,0.680895,0.682960,1975
dev,dev_b27_f01_00574,133,100,3063,1766,1757,1758,0.576559,0.573621,0.573947,1754
dev,dev_b27_f01_00574,133,200,1793,1766,1754,1754,0.984941,0.978249,0.978249,1754
dev,dev_b27_f04_00617,133,100,3075,1608,1587,1587,0.522927,0.516098,0.516098,1587
dev,dev_b27_f04_00617,133,200,1595,1587,1587,1587,0.994984,0.994984,0.994984,1587
dev,dev_b22_f07_00547,134,100,3543,2593,2568,2589,0.731866,0.724809,0.730737,2548
dev,dev_b22_f07_00547,134,200,2775,2563,2556,2562,0.923604,0.921081,0.923243,2548
dev,dev_b27_f07_00662,136,100,4144,2486,2470,2474,0.599903,0.596042,0.597008,2463
dev,dev_b27_f07_00662,136,200,2469,2470,2466,2466,1.000405,0.998785,0.998785,2463
dev,dev_b22_f02_00476,137,100,3199,2098,2078,2273,0.655830,0.649578,0.710535,2074
dev,dev_b22_f02_00476,137,200,2084,2074,2074,2084,0.995202,0.995202,1.000000,2074
dev,dev_b22_f00_00460,142,100,3416,2271,2241,2436,0.664813,0.656030,0.713115,2233
dev,dev_b22_f00_00460,142,200,3393,2241,2233,2432,0.660477,0.658120,0.716770,2233
dev,dev_b27_f06_00657,143,100,3828,2193,2171,2366,0.572884,0.567137,0.618077,2171
dev,dev_b27_f06_00657,143,200,2175,2175,2171,2171,1.000000,0.998161,0.998161,2171
dev,dev_b27_f07_00663,143,100,3606,2887,2684,2691,0.800610,0.744315,0.746256,2681
dev,dev_b27_f07_00663,143,200,3397,2681,2684,2687,0.789226,0.790109,0.790992,2681
dev,dev_b22_f05_00524,144,100,3516,1677,1649,2028,0.476962,0.468999,0.576792,1638
dev,dev_b22_f05_00524,144,200,2042,1652,1642,1662,0.809011,0.804114,0.813908,1638
dev,dev_b22_f01_00473,145,100,3697,2031,1802,2177,0.549364,0.487422,0.588856,1798
dev,dev_b22_f01_00473,145,200,3663,1798,1798,1808,0.490854,0.490854,0.493584,1798
dev,dev_b22_f05_00530,145,100,3317,2766,2744,2760,0.833886,0.827254,0.832077,2740
dev,dev_b22_f05_00530,145,200,3112,2744,2740,2740,0.881748,0.880463,0.880463,2740
dev,dev_b27_f05_00634,145,100,4302,2627,2618,2621,0.610646,0.608554,0.609252,2599
dev,dev_b27_f05_00634,145,200,2631,2599,2599,2602,0.987837,0.987837,0.988978,2599
dev,dev_b22_f05_00518,149,100,4087,2458,2447,2448,0.601419,0.598728,0.598972,2440
dev,dev_b22_f05_00518,149,200,4081,2443,2440,2440,0.598628,0.597893,0.597893,2440
dev,dev_b22_f03_00493,150,100,2869,1561,1543,1753,0.544092,0.537818,0.611014,1522
dev,dev_b22_f03_00493,150,200,2849,1543,1533,1553,0.541594,0.538084,0.545104,1522
dev,dev_b33_f04_00738,150,100,3870,2773,2752,2947,0.716537,0.711111,0.761499,2749
dev,dev_b33_f04_00738,150,200,2749,2749,2749,2762,1.000000,1.000000,1.004729,2749
dev,dev_b27_f01_00585,152,100,3635,1637,1623,1627,0.450344,0.446492,0.447593,1600
dev,dev_b27_f01_00585,152,200,3619,1633,1615,1615,0.451230,0.446256,0.446256,1600
dev,dev_b22_f07_00546,153,100,4152,2680,2674,2864,0.645472,0.644027,0.689788,2665
dev,dev_b22_f07_00546,153,200,3594,2665,2665,2675,0.741514,0.741514,0.744296,2665
dev,dev_b27_f06_00652,153,100,4260,2420,2404,2404,0.568075,0.564319,0.564319,2404
dev,dev_b27_f06_00652,153,200,2408,2408,2404,2404,1.000000,0.998339,0.998339,2404
dev,dev_b22_f02_00486,154,100,3181,2448,2415,2440,0.769569,0.759195,0.767054,2411
dev,dev_b22_f02_00486,154,200,3163,2415,2411,2415,0.763516,0.762251,0.763516,2411
dev,dev_b22_f01_00466,156,100,4174,3080,2866,2874,0.737901,0.686632,0.688548,2862
dev,dev_b22_f01_00466,156,200,4164,2862,2866,2862,0.687320,0.688280,0.687320,2862
dev,dev_b22_f04_00505,156,100,4335,3031,2999,3187,0.699193,0.691811,0.735179,2996
dev,dev_b22_f04_00505,156,200,4317,3019,3000,3010,0.699328,0.694927,0.697243,2996
dev,dev_b27_f02_00599,156,100,4242,3332,2743,3126,0.785479,0.646629,0.736917,2722
dev,dev_b27_f02_00599,156,200,4218,3120,2730,2722,0.739687,0.647226,0.645330,2722
dev,dev_b22_f02_00479,157,100,4453,2279,2065,2449,0.511790,0.463732,0.549966,2042
dev,dev_b22_f02_00479,157,200,4056,2244,2046,2052,0.553254,0.504438,0.505917,2042
dev,dev_b33_f01_00689,158,100,3880,2258,2238,2248,0.581959,0.576804,0.579381,2219
dev,dev_b33_f01_00689,158,200,2944,2219,2219,2234,0.753736,0.753736,0.758832,2219
dev,dev_b33_f04_00741,160,100,4240,2594,2567,2763,0.611792,0.605425,0.651651,2564
dev,dev_b33_f04_00741,160,200,3486,2564,2564,2574,0.735513,0.735513,0.738382,2564
dev,dev_b33_f07_00780,160,100,4322,2316,2308,2497,0.535863,0.534012,0.577742,2291
dev,dev_b33_f07_00780,160,200,4293,2291,2291,2291,0.533659,0.533659,0.533659,2291
dev,dev_b27_f04_00623,161,100,3915,2451,2453,2451,0.626054,0.626564,0.626054,2376
dev,dev_b27_f04_00623,161,200,3897,2424,2403,2399,0.622017,0.616628,0.615602,2376
dev,dev_b22_f04_00510,164,100,3766,2470,2261,2273,0.655868,0.600372,0.603558,2240
dev,dev_b22_f04_00510,164,200,3755,2249,2249,2251,0.598935,0.598935,0.599467,2240
dev,dev_b27_f00_00570,164,100,3930,2059,2041,2274,0.523919,0.519338,0.578626,2032
dev,dev_b27_f00_00570,164,200,3899,2038,2038,2048,0.522698,0.522698,0.525263,2032
dev,dev_b33_f03_00723,164,100,3433,2712,2283,2302,0.789980,0.665016,0.670551,2279
dev,dev_b33_f03_00723,164,200,3424,2279,2279,2283,0.665596,0.665596,0.666764,2279
dev,dev_b22_f02_00483,165,100,3752,2836,2451,2821,0.755864,0.653252,0.751866,2447
dev,dev_b22_f02_00483,165,200,3744,2832,2821,2817,0.756410,0.753472,0.752404,2447
dev,dev_b27_f06_00648,166,100,3865,2752,2551,2738,0.712031,0.660026,0.708409,2527
dev,dev_b27_f06_00648,166,200,3861,2546,2527,2537,0.659415,0.654494,0.657084,2527
dev,dev_b22_f05_00528,168,100,3142,2224,1785,1789,0.707829,0.568109,0.569383,1785
dev,dev_b22_f05_00528,168,200,3109,2221,1785,1785,0.714378,0.574140,0.574140,1785
dev,dev_b33_f01_00698,168,100,4866,3249,3225,3413,0.667694,0.662762,0.701397,3215
dev,dev_b33_f01_00698,168,200,4654,3222,3215,3222,0.692308,0.690804,0.692308,3215
dev,dev_b33_f06_00760,169,100,4237,2771,2744,2946,0.654000,0.647628,0.695303,2739
dev,dev_b33_f06_00760,169,200,3663,2739,2739,2757,0.747748,0.747748,0.752662,2739
dev,dev_b27_f00_00567,171,100,3907,2275,2254,2254,0.582288,0.576913,0.576913,2250
dev,dev_b27_f00_00567,171,200,3887,2265,2250,2250,0.582712,0.578853,0.578853,2250
dev,dev_b33_f02_00707,171,100,4391,2763,2365,2368,0.629242,0.538602,0.539285,2347
dev,dev_b33_f02_00707,171,200,4371,2736,2543,2733,0.625944,0.581789,0.625257,2347
dev,dev_b27_f03_00607,173,100,4357,2901,2874,2878,0.665825,0.659628,0.660546,2866
dev,dev_b27_f03_00607,173,200,4343,2893,2874,2866,0.666129,0.661755,0.659913,2866
dev,dev_b22_f00_00448,174,100,4077,2560,2527,2718,0.627913,0.619818,0.666667,2491
dev,dev_b22_f00_00448,174,200,4065,2532,2515,2525,0.622878,0.618696,0.621156,2491
dev,dev_b27_f06_00647,178,100,3909,2793,2776,2783,0.714505,0.710156,0.711947,2772
dev,dev_b27_f06_00647,178,200,3896,2793,2774,2772,0.716889,0.712012,0.711499,2772
dev,dev_b27_f03_00610,179,100,4170,2186,2175,2173,0.524221,0.521583,0.521103,2158
dev,dev_b27_f03_00610,179,200,4151,2162,2158,2158,0.520838,0.519875,0.519875,2158
dev,dev_b22_f01_00474,183,100,4744,2750,2720,2725,0.579680,0.573356,0.574410,2714
dev,dev_b22_f01_00474,183,200,4732,2750,2717,2717,0.581150,0.574176,0.574176,2714
dev,dev_b27_f03_00605,183,100,4700,3791,3552,3555,0.806596,0.755745,0.756383,3548
dev,dev_b27_f03_00605,183,200,4700,3548,3548,3552,0.754894,0.754894,0.755745,3548
dev,dev_b27_f07_00667,186,100,4233,2755,2731,3288,0.650839,0.645169,0.776754,2705
dev,dev_b27_f07_00667,186,200,4210,2713,2705,2733,0.644418,0.642518,0.649169,2705
dev,dev_b27_f06_00650,187,100,4487,3737,3721,3730,0.832850,0.829285,0.831290,3709
dev,dev_b27_f06_00650,187,200,4473,3737,3712,3717,0.835457,0.829868,0.830986,3709
dev,dev_b27_f04_00619,188,100,4848,2495,2480,2485,0.514645,0.511551,0.512583,2451
dev,dev_b27_f04_00619,188,200,4823,2476,2451,2458,0.513373,0.508190,0.509641,2451
dev,dev_b27_f07_00669,188,100,4376,3589,3559,3940,0.820155,0.813300,0.900366,3409
dev,dev_b27_f07_00669,188,200,4343,3774,3409,3566,0.868985,0.784941,0.821091,3409
dev,dev_b22_f07_00555,191,100,4671,3373,3350,3344,0.722115,0.717191,0.715907,3315
dev,dev_b22_f07_00555,191,200,4647,3355,3320,3321,0.721971,0.714439,0.714655,3315
dev,dev_b33_f04_00733,192,100,3942,2634,2513,2517,0.668189,0.637494,0.638508,2509
dev,dev_b33_f04_00733,192,200,3884,2621,2509,2509,0.674820,0.645984,0.645984,2509
dev,dev_b33_f03_00719,193,100,3992,2531,2498,2516,0.634018,0.625752,0.630261,2490
dev,dev_b33_f03_00719,193,200,3977,2524,2498,2497,0.634649,0.628112,0.627860,2490
dev,dev_b27_f00_00565,196,100,5434,3091,3085,3081,0.568826,0.567722,0.566986,3056
dev,dev_b27_f00_00565,196,200,5417,3074,3056,3064,0.567473,0.564150,0.565627,3056
dev,dev_b33_f03_00726,196,100,5072,3406,2835,3218,0.671530,0.558951,0.634464,2792
dev,dev_b33_f03_00726,196,200,5067,3398,2816,2836,0.670614,0.555753,0.559700,2792
dev,dev_b27_f07_00661,199,100,3609,2844,2790,2803,0.788030,0.773067,0.776669,2785
dev,dev_b27_f07_00661,199,200,3609,2806,2785,2790,0.777501,0.771682,0.773067,2785
dev,dev_b27_f04_00618,203,100,4603,3683,2894,3285,0.800130,0.628720,0.713665,2894
dev,dev_b27_f04_00618,203,200,4599,3470,3067,3081,0.754512,0.666884,0.669928,2894
dev,dev_b33_f07_00775,204,100,5233,2855,2638,2642,0.545576,0.504109,0.504873,2623
dev,dev_b33_f07_00775,204,200,5224,2855,2627,2631,0.546516,0.502871,0.503637,2623
dev,dev_b33_f05_00744,211,100,3890,2758,2741,2921,0.708997,0.704627,0.750900,2502
dev,dev_b33_f05_00744,211,200,3890,2754,2509,2509,0.707969,0.644987,0.644987,2502
dev,dev_b22_f00_00459,212,100,4764,2556,2542,2558,0.536524,0.533585,0.536944,2491
dev,dev_b22_f00_00459,212,200,4756,2556,2499,2499,0.537426,0.525442,0.525442,2491
dev,dev_b33_f04_00739,215,100,6887,3597,3584,4306,0.522288,0.520401,0.625236,3534
dev,dev_b33_f04_00739,215,200,6841,3593,3538,3544,0.525216,0.517176,0.518053,3534
dev,dev_b33_f07_00774,221,100,5234,2841,2848,3416,0.542797,0.544135,0.652656,2595
dev,dev_b33_f07_00774,221,200,5222,2820,2616,2653,0.540023,0.500957,0.508043,2595
dev,dev_b33_f05_00752,225,100,5826,4165,3955,3956,0.714899,0.678853,0.679025,3943
dev,dev_b33_f05_00752,225,200,5804,3981,3943,3947,0.685906,0.679359,0.680048,3943
dev,dev_b22_f03_00497,227,100,5300,2943,2763,2742,0.555283,0.521321,0.517358,2711
dev,dev_b22_f03_00497,227,200,5291,2935,2715,2711,0.554716,0.513136,0.512380,2711
dev,dev_b22_f00_00455,229,100,5448,3073,3055,3238,0.564060,0.560756,0.594347,3043
dev,dev_b22_f00_00455,229,200,5448,3074,3043,3053,0.564244,0.558554,0.560389,3043
dev,dev_b27_f00_00569,234,100,5890,3872,3667,3668,0.657385,0.622581,0.622750,3617
dev,dev_b27_f00_00569,234,200,5878,3853,3621,3628,0.655495,0.616026,0.617217,3617
dev,dev_b33_f02_00706,234,100,6962,4072,4072,4051,0.584889,0.584889,0.581873,4027
dev,dev_b33_f02_00706,234,200,6956,4064,4032,4036,0.584244,0.579643,0.580219,4027
dev,dev_b33_f06_00759,235,100,6780,4412,4406,4768,0.650737,0.649853,0.703245,4358
dev,dev_b33_f06_00759,235,200,6777,4397,4366,4387,0.648812,0.644238,0.647337,4358
dev,dev_b33_f04_00735,238,100,5989,3226,2871,3260,0.538654,0.479379,0.544331,2831
dev,dev_b33_f04_00735,238,200,5975,3226,2831,2887,0.539916,0.473808,0.483180,2831
dev,dev_b27_f02_00601,239,100,6034,4031,3817,4001,0.668048,0.632582,0.663076,3782
dev,dev_b27_f02_00601,239,200,6031,4204,3795,3786,0.697065,0.629249,0.627757,3782
dev,dev_b27_f06_00653,239,100,4979,3676,3655,3663,0.738301,0.734083,0.735690,3623
dev,dev_b27_f06_00653,239,200,4970,3673,3627,3627,0.739034,0.729779,0.729779,3623
dev,dev_b22_f05_00519,243,100,5186,3912,3876,3877,0.754339,0.747397,0.747590,3862
dev,dev_b22_f05_00519,243,200,5181,3908,3865,3869,0.754295,0.745995,0.746767,3862
dev,dev_b22_f07_00549,251,100,6482,4314,4453,4487,0.665535,0.686979,0.692225,4271
dev,dev_b22_f07_00549,251,200,6474,4314,4274,4283,0.666358,0.660179,0.661569,4271
dev,dev_b27_f03_00608,254,100,5540,3918,3897,3892,0.707220,0.703430,0.702527,3873
dev,dev_b27_f03_00608,254,200,5536,3914,3877,3881,0.707009,0.700325,0.701048,3873
dev,dev_b33_f06_00758,255,100,5994,4279,4230,4246,0.713881,0.705706,0.708375,4208
dev,dev_b33_f06_00758,255,200,5994,4276,4212,4220,0.713380,0.702703,0.704037,4208
dev,dev_b27_f05_00643,256,100,5453,3264,3227,3224,0.598570,0.591784,0.591234,3203
dev,dev_b27_f05_00643,256,200,5444,3489,3212,3215,0.640889,0.590007,0.590558,3203
dev,dev_b33_f00_00682,257,100,6746,4210,4035,4205,0.624074,0.598132,0.623332,3968
dev,dev_b33_f00_00682,257,200,6739,4199,3972,4003,0.623089,0.589405,0.594005,3968
dev,dev_b27_f01_00581,258,100,6595,3456,3434,3997,0.524033,0.520697,0.606065,3371
dev,dev_b27_f01_00581,258,200,6584,3441,3384,3426,0.522631,0.513973,0.520352,3371
dev,dev_b27_f02_00591,258,100,6470,5178,4961,4973,0.800309,0.766770,0.768624,4739
dev,dev_b27_f02_00591,258,200,6466,5170,4743,4943,0.799567,0.733529,0.764460,4739
dev,dev_b27_f02_00593,260,100,5821,3979,3904,3920,0.683560,0.670675,0.673424,3872
dev,dev_b27_f02_00593,260,200,5821,3975,3880,3896,0.682872,0.666552,0.669301,3872
dev,dev_b33_f02_00702,260,100,6500,3932,3893,4639,0.604923,0.598923,0.713692,3850
dev,dev_b33_f02_00702,260,200,6500,3898,3859,3898,0.599692,0.593692,0.599692,3850
dev,dev_b33_f06_00768,260,100,6173,4165,4096,4128,0.674712,0.663535,0.668719,3867
dev,dev_b33_f06_00768,260,200,6173,4145,3868,4092,0.671473,0.626600,0.662887,3867
dev,dev_b27_f03_00603,262,100,6178,4677,4639,4651,0.757041,0.750890,0.752833,4631
dev,dev_b27_f03_00603,262,200,6178,4677,4631,4635,0.757041,0.749595,0.750243,4631
dev,dev_b27_f05_00641,262,100,6061,4749,4353,4351,0.783534,0.718198,0.717868,4319
dev,dev_b27_f05_00641,262,200,6053,4740,4326,4328,0.783083,0.714687,0.715017,4319
dev,dev_b27_f04_00616,271,100,6129,4135,4090,4470,0.674661,0.667319,0.729320,3872
dev,dev_b27_f04_00616,271,200,6119,4131,3873,3905,0.675110,0.632947,0.638176,3872
dev,dev_b33_f00_00679,271,100,5962,4649,4588,4605,0.779772,0.769540,0.772392,4569
dev,dev_b33_f00_00679,271,200,5958,4641,4577,4574,0.778953,0.768211,0.767707,4569
dev,dev_b27_f02_00598,273,100,6042,4746,4682,4694,0.785501,0.774909,0.776895,4665
dev,dev_b27_f02_00598,273,200,6023,4738,4672,4682,0.786651,0.775693,0.777353,4665
dev,dev_b27_f03_00602,275,100,6529,4140,4079,4086,0.634094,0.624751,0.625823,4061
dev,dev_b27_f03_00602,275,200,6525,4128,4071,4069,0.632644,0.623908,0.623602,4061
dev,dev_b27_f05_00642,275,100,5658,4535,4463,4513,0.801520,0.788795,0.797632,4238
dev,dev_b27_f05_00642,275,200,5655,4535,4242,4268,0.801945,0.750133,0.754730,4238
dev,dev_b33_f00_00674,275,100,5588,4289,4164,4259,0.767538,0.745168,0.762169,4143
dev,dev_b33_f00_00674,275,200,5588,4289,4147,4154,0.767538,0.742126,0.743379,4143
dev,dev_b33_f02_00703,276,100,6485,4662,4379,4383,0.718890,0.675251,0.675867,4366
dev,dev_b33_f02_00703,276,200,6480,4846,4366,4367,0.747840,0.673765,0.673920,4366
dev,dev_b33_f05_00754,280,100,6583,5096,4842,4860,0.774115,0.735531,0.738265,4815
dev,dev_b33_f05_00754,280,200,6583,5093,4815,5029,0.773659,0.731429,0.763937,4815
dev,dev_b27_f00_00560,286,100,6463,4647,4626,4968,0.719016,0.715767,0.768683,4597
dev,dev_b27_f00_00560,286,200,6459,4647,4604,4611,0.719461,0.712804,0.713888,4597
dev,dev_b27_f03_00612,287,100,7186,6261,6206,6023,0.871277,0.863624,0.838158,6006
dev,dev_b27_f03_00612,287,200,7186,6261,6010,6011,0.871277,0.836348,0.836488,6006
dev,dev_b33_f05_00745,287,100,6688,4282,4204,4405,0.640251,0.628589,0.658642,4191
dev,dev_b33_f05_00745,287,200,6685,4643,4191,4209,0.694540,0.626926,0.629619,4191
dev,dev_b22_f07_00558,295,100,6729,4859,4817,4839,0.722098,0.715857,0.719126,4779
dev,dev_b22_f07_00558,295,200,6729,4852,4812,4810,0.721058,0.715114,0.714816,4779
dev,dev_b27_f07_00660,296,100,7691,6767,6710,6515,0.879860,0.872448,0.847094,6299
dev,dev_b27_f07_00660,296,200,7691,6767,6299,6495,0.879860,0.819009,0.844494,6299
dev,dev_b33_f04_00734,299,100,6999,4254,3991,3995,0.607801,0.570224,0.570796,3970
dev,dev_b33_f04_00734,299,200,6999,4245,3978,3978,0.606515,0.568367,0.568367,3970
dev,dev_b33_f06_00762,299,100,6802,4963,4894,4898,0.729638,0.719494,0.720082,4888
dev,dev_b33_f06_00762,299,200,6802,4963,4888,4891,0.729638,0.718612,0.719053,4888
dev,dev_b33_f02_00701,301,100,7208,5566,5511,5526,0.772198,0.764567,0.766648,5496
dev,dev_b33_f02_00701,301,200,7193,5561,5497,5503,0.773113,0.764215,0.765049,5496
dev,dev_b33_f01_00693,302,100,7600,6311,6253,6250,0.830395,0.822763,0.822368,6233
dev,dev_b33_f01_00693,302,200,7600,6303,6235,6238,0.829342,0.820395,0.820789,6233
dev,dev_b33_f05_00755,303,100,7880,5528,5252,5269,0.701523,0.666497,0.668655,5235
dev,dev_b33_f05_00755,303,200,7875,5528,5249,5259,0.701968,0.666540,0.667810,5235
dev,dev_b27_f03_00615,304,100,6967,5304,5232,5247,0.761303,0.750969,0.753122,4810
dev,dev_b27_f03_00615,304,200,6967,5293,4832,5226,0.759724,0.693555,0.750108,4810
dev,dev_b27_f04_00622,308,100,7179,4992,4923,4937,0.695361,0.685750,0.687700,4915
dev,dev_b27_f04_00622,308,200,7179,4988,4923,4919,0.694804,0.685750,0.685193,4915
dev,dev_b33_f00_00672,308,100,7286,5068,5005,5029,0.695581,0.686934,0.690228,4997
dev,dev_b33_f00_00672,308,200,7286,5067,4997,4998,0.695443,0.685836,0.685973,4997
dev,dev_b27_f07_00658,309,100,7167,4815,4748,4581,0.671829,0.662481,0.639180,4539
dev,dev_b27_f07_00658,309,200,7156,4800,4542,4553,0.670766,0.634712,0.636249,4539
dev,dev_b33_f03_00724,310,100,6415,5325,5238,5296,0.830086,0.816524,0.825565,5219
dev,dev_b33_f03_00724,310,200,6392,5317,5222,5262,0.831821,0.816959,0.823217,5219
dev,dev_b27_f05_00630,315,100,7567,5854,5812,5831,0.773622,0.768072,0.770583,5806
dev,dev_b27_f05_00630,315,200,7567,5854,5812,5812,0.773622,0.768072,0.768072,5806
dev,dev_b27_f00_00573,316,100,7863,5315,5164,4966,0.675951,0.656747,0.631566,4722
dev,dev_b27_f00_00573,316,200,7863,5128,4750,4948,0.652168,0.604095,0.629276,4722
dev,dev_b27_f05_00631,320,100,7873,5134,5067,6347,0.652102,0.643592,0.806173,5047
dev,dev_b27_f05_00631,320,200,7873,5123,5055,5071,0.650705,0.642068,0.644100,5047
dev,dev_b33_f02_00700,320,100,7269,5439,5294,5313,0.748246,0.728298,0.730912,5245
dev,dev_b33_f02_00700,320,200,7261,5431,5256,5281,0.747969,0.723867,0.727310,5245
dev,dev_b27_f01_00582,326,100,7566,5890,5818,5840,0.778483,0.768966,0.771874,5584
dev,dev_b27_f01_00582,326,200,7562,5883,5595,5622,0.777969,0.739884,0.743454,5584
dev,dev_b33_f05_00742,330,100,6265,4791,4731,4740,0.764725,0.755148,0.756584,4512
dev,dev_b33_f05_00742,330,200,6265,4787,4528,4724,0.764086,0.722745,0.754030,4512
dev,dev_b33_f03_00721,331,100,7243,5304,5169,5192,0.732293,0.713655,0.716830,5155
dev,dev_b33_f03_00721,331,200,7243,5304,5166,5166,0.732293,0.713240,0.713240,5155
dev,dev_b33_f06_00767,333,100,8394,6170,6119,6508,0.735049,0.728973,0.775316,6087
dev,dev_b33_f06_00767,333,200,8394,6164,6094,6120,0.734334,0.725995,0.729092,6087
dev,dev_b27_f05_00639,334,100,7236,4640,4544,5658,0.641238,0.627971,0.781924,4303
dev,dev_b27_f05_00639,334,200,7221,4629,4319,4559,0.641047,0.598117,0.631353,4303
dev,dev_b27_f05_00632,342,100,8916,5983,5896,6268,0.671041,0.661283,0.703006,5885
dev,dev_b27_f05_00632,342,200,8916,5983,5885,5891,0.671041,0.660049,0.660722,5885
dev,dev_b33_f04_00731,343,100,8252,5543,5444,5502,0.671716,0.659719,0.666747,5413
dev,dev_b33_f04_00731,343,200,8248,5517,5413,5476,0.668889,0.656280,0.663919,5413
dev,dev_b22_f04_00506,346,100,7388,5178,5096,6773,0.700866,0.689767,0.916757,5053
dev,dev_b22_f04_00506,346,200,7384,5159,5061,5119,0.698673,0.685401,0.693256,5053
dev,dev_b27_f01_00583,350,100,6607,4905,5065,4855,0.742394,0.766611,0.734827,4822
dev,dev_b27_f01_00583,350,200,6602,4900,4830,4835,0.742199,0.731596,0.732354,4822
dev,dev_b33_f04_00740,350,100,7443,4324,4243,5892,0.580949,0.570066,0.791616,4192
dev,dev_b33_f04_00740,350,200,7443,4291,4212,4255,0.576515,0.565901,0.571678,4192
dev,dev_b33_f00_00678,354,100,7404,5225,5129,5179,0.705700,0.692734,0.699487,4686
dev,dev_b33_f00_00678,354,200,7386,5218,4725,4754,0.706472,0.639724,0.643650,4686
dev,dev_b33_f05_00749,356,100,7516,5469,5393,6492,0.727648,0.717536,0.863757,5180
dev,dev_b33_f05_00749,356,200,7511,5462,5184,5388,0.727200,0.690188,0.717348,5180
dev,dev_b33_f00_00673,363,100,8391,6152,6300,6099,0.733166,0.750804,0.726850,6065
dev,dev_b33_f00_00673,363,200,8376,6147,6065,6075,0.733883,0.724093,0.725287,6065
dev,dev_b33_f02_00708,363,100,9052,6837,6759,6767,0.755303,0.746686,0.747570,6556
dev,dev_b33_f02_00708,363,200,9052,6836,6560,6561,0.755192,0.724702,0.724812,6556
dev,dev_b33_f07_00782,366,100,8133,5754,5667,7339,0.707488,0.696791,0.902373,5631
dev,dev_b33_f07_00782,366,200,8129,5747,5653,5676,0.706975,0.695411,0.698241,5631
dev,dev_b27_f01_00584,375,100,9544,6785,6710,7794,0.710918,0.703060,0.816639,6688
dev,dev_b27_f01_00584,375,200,9540,6782,6688,6710,0.710901,0.701048,0.703354,6688
dev,dev_b33_f07_00777,380,100,8259,6239,5811,5620,0.755418,0.703596,0.680470,5557
dev,dev_b33_f07_00777,380,200,8256,6232,5591,5593,0.754845,0.677204,0.677447,5557
dev,dev_b27_f04_00627,381,100,7176,6006,5928,6866,0.836957,0.826087,0.956800,5626
dev,dev_b27_f04_00627,381,200,7158,5998,5646,5870,0.837944,0.788768,0.820061,5626
dev,dev_b27_f02_00590,385,100,8961,5718,5633,8885,0.638098,0.628613,0.991519,5535
dev,dev_b27_f02_00590,385,200,8957,5687,5566,5603,0.634922,0.621413,0.625544,5535
dev,dev_b27_f01_00575,398,100,9109,7259,6624,6824,0.796904,0.727193,0.749149,6279
dev,dev_b27_f01_00575,398,200,9109,7247,6413,6425,0.795587,0.704029,0.705346,6279
dev,dev_b33_f06_00761,398,100,10127,6733,6785,10033,0.664856,0.669991,0.990718,6594
dev,dev_b33_f06_00761,398,200,10127,6704,6601,6635,0.661993,0.651822,0.655179,6594
dev,dev_b33_f02_00713,403,100,9689,7810,7695,8481,0.806069,0.794200,0.875323,7631
dev,dev_b33_f02_00713,403,200,9682,7770,7667,7725,0.802520,0.791882,0.797872,7631
dev,dev_b27_f07_00664,404,100,8960,7075,6983,8303,0.789621,0.779353,0.926674,6761
dev,dev_b27_f07_00664,404,200,8960,7075,6784,6815,0.789621,0.757143,0.760603,6761
dev,dev_b27_f00_00571,406,100,8539,6358,6263,8677,0.744584,0.733458,1.016161,6014
dev,dev_b27_f00_00571,406,200,8539,6319,6023,6089,0.740016,0.705352,0.713081,6014
dev,dev_b33_f03_00727,417,100,10450,7548,7289,10177,0.722297,0.697512,0.973876,7206
dev,dev_b33_f03_00727,417,200,10450,7515,7232,7245,0.719139,0.692057,0.693301,7206
dev,dev_b27_f02_00596,422,100,9386,7324,7261,8390,0.780311,0.773599,0.893885,7030
dev,dev_b27_f02_00596,422,200,9386,7312,7051,7278,0.779033,0.751225,0.775410,7030
dev,dev_b33_f07_00776,429,100,9504,6211,6094,9154,0.653514,0.641204,0.963173,6058
dev,dev_b33_f07_00776,429,200,9504,6211,6086,6074,0.653514,0.640362,0.639099,6058
dev,dev_b33_f04_00736,435,100,9871,8576,8472,9791,0.868808,0.858272,0.991895,8075
dev,dev_b33_f04_00736,435,200,9867,8569,8186,8212,0.868450,0.829634,0.832269,8075
dev,dev_b27_f00_00563,439,100,9545,6792,6721,8008,0.711577,0.704138,0.838973,6464
dev,dev_b27_f00_00563,439,200,9541,6772,6506,6714,0.709779,0.681899,0.703700,6464
dev,dev_b33_f03_00720,453,100,10689,7568,7496,10366,0.708018,0.701282,0.969782,7036
dev,dev_b33_f03_00720,453,200,10689,7549,7051,7263,0.706240,0.659650,0.679484,7036
dev,dev_b33_f05_00750,460,100,10618,7897,7805,10503,0.743737,0.735073,0.989169,7760
dev,dev_b33_f05_00750,460,200,10618,7891,7771,7790,0.743172,0.731870,0.733660,7760
dev,dev_b33_f02_00709,462,100,11043,8224,7893,8620,0.744725,0.714751,0.780585,7631
dev,dev_b33_f02_00709,462,200,11043,8220,7640,7652,0.744363,0.691841,0.692928,7631
dev,dev_b33_f02_00705,464,100,11495,8947,8869,11221,0.778338,0.771553,0.976164,8638
dev,dev_b33_f02_00705,464,200,11495,8932,8642,8862,0.777033,0.751805,0.770944,8638
dev,dev_b27_f07_00671,470,100,10052,7683,7597,9957,0.764326,0.755770,0.990549,7530
dev,dev_b27_f07_00671,470,200,10044,7652,7547,7583,0.761848,0.751394,0.754978,7530
dev,dev_b27_f03_00609,475,100,11050,8136,8029,10910,0.736290,0.726606,0.987330,7942
dev,dev_b27_f03_00609,475,200,11050,8116,7984,8006,0.734480,0.722534,0.724525,7942
dev,dev_b33_f06_00765,480,100,10941,8707,8599,10892,0.795814,0.785943,0.995521,8552
dev,dev_b33_f06_00765,480,200,10915,8678,8571,8623,0.795053,0.785250,0.790014,8552
dev,dev_b33_f01_00690,482,100,11605,7601,7523,11454,0.654976,0.648255,0.986988,7427
dev,dev_b33_f01_00690,482,200,11605,7587,7476,7471,0.653770,0.644205,0.643774,7427
dev,dev_b33_f00_00684,488,100,11905,8200,8395,11834,0.688786,0.705166,0.994036,7591
dev,dev_b33_f00_00684,488,200,11882,8165,8268,7665,0.687174,0.695842,0.645093,7591
dev,dev_b33_f07_00771,492,100,11185,8230,8155,11086,0.735807,0.729101,0.991149,7970
dev,dev_b33_f07_00771,492,200,11170,8197,8006,8020,0.733841,0.716741,0.717995,7970
dev,dev_b27_f00_00572,499,100,11917,8110,8032,11846,0.680540,0.673995,0.994042,7913
dev,dev_b27_f00_00572,499,200,11901,8084,7955,7988,0.679271,0.668431,0.671204,7913
dev,dev_b33_f01_00697,503,100,10862,7548,7693,10779,0.694900,0.708249,0.992359,7291
dev,dev_b33_f01_00697,503,200,10836,7506,7565,7384,0.692691,0.698136,0.681432,7291
dev,dev_b33_f01_00687,513,100,11113,6931,6781,11005,0.623684,0.610186,0.990282,6561
dev,dev_b33_f01_00687,513,200,11083,6894,6653,6684,0.622034,0.600289,0.603086,6561
dev,dev_b33_f06_00756,562,100,12772,9142,9038,12670,0.715785,0.707642,0.992014,8684
dev,dev_b33_f06_00756,562,200,12764,9108,8926,8761,0.713569,0.699311,0.686384,8684
dev,dev_b33_f07_00770,599,100,14119,10237,10195,13994,0.725051,0.722077,0.991147,10011
dev,dev_b33_f07_00770,599,200,14115,10216,10060,10082,0.723769,0.712717,0.714276,10011
dev,dev_b33_f04_00737,604,100,13461,10140,10082,13375,0.753287,0.748979,0.993611,9917
dev,dev_b33_f04_00737,604,200,13434,10096,9961,10002,0.751526,0.741477,0.744529,9917
dev,dev_b33_f04_00730,621,100,14686,11391,11350,14632,0.775637,0.772845,0.996323,11144
dev,dev_b33_f04_00730,621,200,14661,11333,11199,11243,0.773003,0.763863,0.766864,11144
dev,dev_b33_f03_00714,633,100,13844,10681,10644,13721,0.771526,0.768853,0.991115,10472
dev,dev_b33_f03_00714,633,200,13813,10646,10511,10537,0.770723,0.760950,0.762832,10472
dev,dev_b33_f01_00694,640,100,14009,10410,10538,13923,0.743094,0.752231,0.993861,9833
dev,dev_b33_f01_00694,640,200,13978,10191,10224,10071,0.729074,0.731435,0.720489,9833
dev,dev_b33_f00_00677,661,100,12934,8739,8722,12849,0.675661,0.674347,0.993428,8105
dev,dev_b33_f00_00677,661,200,12924,8702,8569,8397,0.673321,0.663030,0.649721,8105
dev,dev_b33_f07_00779,666,100,14381,10731,10713,14277,0.746193,0.744941,0.992768,10514
dev,dev_b33_f07_00779,666,200,14373,10702,10556,10587,0.744591,0.734433,0.736589,10514
dev,dev_b33_f07_00773,680,100,14160,10782,10982,14077,0.761441,0.775565,0.994138,10139
dev,dev_b33_f07_00773,680,200,14116,10737,10844,10430,0.760626,0.768206,0.738878,10139
dev,dev_b33_f03_00725,720,100,15214,11125,11346,15142,0.731234,0.745760,0.995268,10776
dev,dev_b33_f03_00725,720,200,15150,11055,11034,12530,0.729703,0.728317,0.827063,10776
dev,dev_b33_f06_00763,845,100,17904,14752,14905,17763,0.823950,0.832496,0.992125,14281
dev,dev_b33_f06_00763,845,200,17880,14722,14770,14381,0.823378,0.826063,0.804306,14281
sh,dev_sh_00003,51,100,361,353,366,353,0.977839,1.013850,0.977839,353
sh,dev_sh_00003,51,200,361,353,366,353,0.977839,1.013850,0.977839,353
sh,dev_sh_00054,51,100,411,539,536,543,1.311436,1.304136,1.321168,402
sh,dev_sh_00054,51,200,411,538,536,543,1.309002,1.304136,1.321168,402
sh,dev_sh_00064,51,100,418,557,552,561,1.332536,1.320574,1.342105,408
sh,dev_sh_00064,51,200,418,557,552,561,1.332536,1.320574,1.342105,408
sh,dev_sh_00081,51,100,361,349,371,349,0.966759,1.027701,0.966759,349
sh,dev_sh_00081,51,200,366,362,371,362,0.989071,1.013661,0.989071,349
sh,dev_sh_00036,54,100,485,548,550,552,1.129897,1.134021,1.138144,479
sh,dev_sh_00036,54,200,484,543,550,552,1.121901,1.136364,1.140496,479
sh,dev_sh_00079,55,100,397,449,457,453,1.130982,1.151134,1.141058,387
sh,dev_sh_00079,55,200,397,448,457,452,1.128463,1.151134,1.138539,387
sh,dev_sh_00014,61,100,465,453,470,453,0.974194,1.010753,0.974194,452
sh,dev_sh_00014,61,200,465,453,470,457,0.974194,1.010753,0.982796,452
sh,dev_sh_00053,62,100,425,472,490,476,1.110588,1.152941,1.120000,420
sh,dev_sh_00053,62,200,425,471,474,476,1.108235,1.115294,1.120000,420
sh,dev_sh_00099,65,100,450,577,600,581,1.282222,1.333333,1.291111,445
sh,dev_sh_00099,65,200,450,577,600,581,1.282222,1.333333,1.291111,445
sh,dev_sh_00017,66,100,429,488,499,492,1.137529,1.163170,1.146853,419
sh,dev_sh_00017,66,200,429,487,499,492,1.135198,1.163170,1.146853,419
sh,dev_sh_00068,66,100,449,576,594,581,1.282851,1.322940,1.293987,444
sh,dev_sh_00068,66,200,449,570,594,581,1.269488,1.322940,1.293987,444
sh,dev_sh_00097,66,100,449,576,599,581,1.282851,1.334076,1.293987,444
sh,dev_sh_00097,66,200,449,576,599,581,1.282851,1.334076,1.293987,444
sh,dev_sh_00015,68,100,503,558,559,558,1.109344,1.111332,1.109344,492
sh,dev_sh_00015,68,200,502,548,558,558,1.091633,1.111554,1.111554,492
sh,dev_sh_00089,69,100,584,639,644,643,1.094178,1.102740,1.101027,573
sh,dev_sh_00089,69,200,583,633,644,643,1.085763,1.104631,1.102916,573
sh,dev_sh_00031,70,100,583,638,644,642,1.094340,1.104631,1.101201,567
sh,dev_sh_00031,70,200,582,632,643,642,1.085911,1.104811,1.103093,567
sh,dev_sh_00035,71,100,447,498,512,502,1.114094,1.145414,1.123043,442
sh,dev_sh_00035,71,200,447,496,512,510,1.109620,1.145414,1.140940,442
sh,dev_sh_00007,73,100,454,577,604,585,1.270925,1.330396,1.288546,449
sh,dev_sh_00007,73,200,454,572,604,585,1.259912,1.330396,1.288546,449
sh,dev_sh_00065,75,100,584,639,645,643,1.094178,1.104452,1.101027,578
sh,dev_sh_00065,75,200,583,639,644,643,1.096055,1.104631,1.102916,578
sh,dev_sh_00092,76,100,463,582,603,586,1.257019,1.302376,1.265659,458
sh,dev_sh_00092,76,200,463,582,603,586,1.257019,1.302376,1.265659,458
sh,dev_sh_00080,79,100,469,592,619,597,1.262260,1.319829,1.272921,469
sh,dev_sh_00080,79,200,469,592,619,597,1.262260,1.319829,1.272921,469
sh,dev_sh_00022,81,100,488,595,620,600,1.219262,1.270492,1.229508,451
sh,dev_sh_00022,81,200,488,595,629,600,1.219262,1.288934,1.229508,451
sh,dev_sh_00024,81,100,580,643,655,647,1.108621,1.129310,1.115517,579
sh,dev_sh_00024,81,200,579,643,655,647,1.110535,1.131261,1.117444,579
sh,dev_sh_00042,81,100,450,574,606,582,1.275556,1.346667,1.293333,445
sh,dev_sh_00042,81,200,450,573,606,582,1.273333,1.346667,1.293333,445
sh,dev_sh_00018,85,100,473,592,628,601,1.251586,1.327696,1.270613,473
sh,dev_sh_00018,85,200,473,592,628,601,1.251586,1.327696,1.270613,473
sh,dev_sh_00076,85,100,610,657,667,661,1.077049,1.093443,1.083607,609
sh,dev_sh_00076,85,200,609,657,663,661,1.078818,1.088670,1.085386,609
sh,dev_sh_00020,87,100,599,658,670,658,1.098497,1.118531,1.098497,593
sh,dev_sh_00020,87,200,598,657,669,658,1.098662,1.118729,1.100334,593
sh,dev_sh_00063,87,100,472,591,627,596,1.252119,1.328390,1.262712,467
sh,dev_sh_00063,87,200,472,585,627,596,1.239407,1.328390,1.262712,467
sh,dev_sh_00032,88,100,599,658,680,662,1.098497,1.135225,1.105175,593
sh,dev_sh_00032,88,200,598,653,679,662,1.091973,1.135452,1.107023,593
sh,dev_sh_00034,88,100,476,591,631,600,1.241597,1.325630,1.260504,450
sh,dev_sh_00034,88,200,476,591,631,600,1.241597,1.325630,1.260504,450
sh,dev_sh_00060,88,100,476,591,626,600,1.241597,1.315126,1.260504,453
sh,dev_sh_00060,88,200,476,595,626,600,1.250000,1.315126,1.260504,453
sh,dev_sh_00067,88,100,599,658,680,662,1.098497,1.135225,1.105175,598
sh,dev_sh_00067,88,200,598,658,679,662,1.100334,1.135452,1.107023,598
sh,dev_sh_00098,89,100,598,657,679,661,1.098662,1.135452,1.105351,592
sh,dev_sh_00098,89,200,597,652,678,669,1.092127,1.135678,1.120603,592
sh,dev_sh_00019,90,100,479,602,634,607,1.256785,1.323591,1.267223,474
sh,dev_sh_00019,90,200,479,602,634,607,1.256785,1.323591,1.267223,474
sh,dev_sh_00030,91,100,478,597,643,606,1.248954,1.345188,1.267782,478
sh,dev_sh_00030,91,200,478,597,643,606,1.248954,1.345188,1.267782,478
sh,dev_sh_00073,95,100,612,659,688,667,1.076797,1.124183,1.089869,606
sh,dev_sh_00073,95,200,611,662,687,667,1.083470,1.124386,1.091653,606
sh,dev_sh_00000,96,100,775,741,826,831,0.956129,1.065806,1.072258,741
sh,dev_sh_00000,96,200,774,741,826,831,0.957364,1.067183,1.073643,741
sh,dev_sh_00033,99,100,712,766,767,771,1.075843,1.077247,1.082865,686
sh,dev_sh_00033,99,200,711,766,766,771,1.077356,1.077356,1.084388,686
sh,dev_sh_00029,102,100,623,666,690,670,1.069021,1.107544,1.075441,587
sh,dev_sh_00029,102,200,622,666,690,670,1.070740,1.109325,1.077170,587
sh,dev_sh_00009,104,100,548,585,596,673,1.067518,1.087591,1.228102,521
sh,dev_sh_00009,104,200,548,585,681,673,1.067518,1.242701,1.228102,521
sh,dev_sh_00071,104,100,624,671,686,675,1.075321,1.099359,1.081731,592
sh,dev_sh_00071,104,200,623,671,686,675,1.077047,1.101124,1.083467,592
sh,dev_sh_00086,104,100,469,589,640,593,1.255864,1.364606,1.264392,469
sh,dev_sh_00086,104,200,469,593,640,593,1.264392,1.364606,1.264392,469
sh,dev_sh_00093,104,100,608,667,689,671,1.097039,1.133224,1.103618,607
sh,dev_sh_00093,104,200,607,667,688,671,1.098847,1.133443,1.105437,607
sh,dev_sh_00050,105,100,490,597,650,602,1.218367,1.326531,1.228571,455
sh,dev_sh_00050,105,200,490,597,650,602,1.218367,1.326531,1.228571,455
sh,dev_sh_00083,106,100,813,775,776,865,0.953260,0.954490,1.063961,775
sh,dev_sh_00083,106,200,812,775,861,865,0.954433,1.060345,1.065271,775
sh,dev_sh_00088,106,100,612,667,698,671,1.089869,1.140523,1.096405,611
sh,dev_sh_00088,106,200,611,667,697,671,1.091653,1.140753,1.098200,611
sh,dev_sh_00002,107,100,621,664,692,668,1.069243,1.114332,1.075684,589
sh,dev_sh_00002,107,200,620,664,691,668,1.070968,1.114516,1.077419,589
sh,dev_sh_00041,107,100,479,602,649,607,1.256785,1.354906,1.267223,479
sh,dev_sh_00041,107,200,479,606,649,607,1.265136,1.354906,1.267223,479
sh,dev_sh_00048,115,100,817,775,780,780,0.948592,0.954712,0.954712,775
sh,dev_sh_00048,115,200,816,775,865,780,0.949755,1.060049,0.955882,775
sh,dev_sh_00056,115,100,752,802,803,811,1.066489,1.067819,1.078457,721
sh,dev_sh_00056,115,200,751,802,802,811,1.067909,1.067909,1.079893,721
sh,dev_sh_00061,115,100,504,611,666,612,1.212302,1.321429,1.214286,472
sh,dev_sh_00061,115,200,504,611,664,612,1.212302,1.317460,1.214286,472
sh,dev_sh_00091,115,100,509,612,665,617,1.202358,1.306483,1.212181,467
sh,dev_sh_00091,115,200,509,612,664,617,1.202358,1.304519,1.212181,467
sh,dev_sh_00059,116,100,668,687,795,681,1.028443,1.190120,1.019461,635
sh,dev_sh_00059,116,200,667,677,720,681,1.014993,1.079460,1.020990,635
sh,dev_sh_00051,118,100,638,677,705,681,1.061129,1.105016,1.067398,602
sh,dev_sh_00051,118,200,637,681,705,681,1.069074,1.106750,1.069074,602
sh,dev_sh_00016,119,100,837,871,870,880,1.040621,1.039427,1.051374,792
sh,dev_sh_00016,119,200,836,871,864,880,1.041866,1.033493,1.052632,792
sh,dev_sh_00013,120,100,498,617,653,622,1.238956,1.311245,1.248996,498
sh,dev_sh_00013,120,200,498,617,653,622,1.238956,1.311245,1.248996,498
sh,dev_sh_00027,121,100,822,784,785,789,0.953771,0.954988,0.959854,784
sh,dev_sh_00027,121,200,821,784,875,789,0.954933,1.065773,0.961023,784
sh,dev_sh_00052,121,100,580,609,625,612,1.050000,1.077586,1.055172,545
sh,dev_sh_00052,121,200,580,609,710,612,1.050000,1.224138,1.055172,545
sh,dev_sh_00028,123,100,594,711,725,718,1.196970,1.220539,1.208754,567
sh,dev_sh_00028,123,200,594,711,732,718,1.196970,1.232323,1.208754,567
sh,dev_sh_00084,123,100,501,620,681,625,1.237525,1.359281,1.247505,480
sh,dev_sh_00084,123,200,501,620,681,625,1.237525,1.359281,1.247505,480
sh,dev_sh_00008,128,100,505,612,670,625,1.211881,1.326733,1.237624,479
sh,dev_sh_00008,128,200,505,612,670,625,1.211881,1.326733,1.237624,479
sh,dev_sh_00057,131,100,655,686,691,690,1.047328,1.054962,1.053435,607
sh,dev_sh_00057,131,200,654,686,718,690,1.048930,1.097859,1.055046,607
sh,dev_sh_00004,134,100,624,687,715,691,1.100962,1.145833,1.107372,623
sh,dev_sh_00004,134,200,623,687,714,691,1.102729,1.146067,1.109149,623
sh,dev_sh_00026,134,100,844,902,900,911,1.068720,1.066351,1.079384,821
sh,dev_sh_00026,134,200,843,902,899,911,1.069988,1.066429,1.080664,821
sh,dev_sh_00045,134,100,851,897,902,906,1.054054,1.059929,1.064630,816
sh,dev_sh_00045,134,200,850,897,901,906,1.055294,1.060000,1.065882,816
sh,dev_sh_00040,137,100,636,687,717,691,1.080189,1.127358,1.086478,612
sh,dev_sh_00040,137,200,635,687,716,691,1.081890,1.127559,1.088189,612
sh,dev_sh_00049,138,100,855,897,907,906,1.049123,1.060819,1.059649,816
sh,dev_sh_00049,138,200,854,897,910,906,1.050351,1.065574,1.060890,816
sh,dev_sh_00077,146,100,884,910,911,915,1.029412,1.030543,1.035068,831
sh,dev_sh_00077,146,200,883,910,915,911,1.030578,1.036240,1.031710,831
sh,dev_sh_00025,148,100,877,907,918,916,1.034208,1.046750,1.044470,827
sh,dev_sh_00025,148,200,876,907,924,916,1.035388,1.054795,1.045662,827
sh,dev_sh_00037,150,100,627,740,754,747,1.180223,1.202552,1.191388,596
sh,dev_sh_00037,150,200,627,740,765,747,1.180223,1.220096,1.191388,596
sh,dev_sh_00055,153,100,911,929,930,934,1.019759,1.020856,1.025247,850
sh,dev_sh_00055,153,200,910,929,930,930,1.020879,1.021978,1.021978,850
sh,dev_sh_00012,155,100,939,933,1037,956,0.993610,1.104366,1.018104,877
sh,dev_sh_00012,155,200,938,933,1032,938,0.994670,1.100213,1.000000,877
sh,dev_sh_00046,155,100,651,748,764,755,1.149002,1.173579,1.159754,604
sh,dev_sh_00046,155,200,651,748,763,751,1.149002,1.172043,1.153610,604
sh,dev_sh_00070,155,100,669,758,614,765,1.133034,0.917788,1.143498,614
sh,dev_sh_00070,155,200,669,758,774,761,1.133034,1.156951,1.137519,614
sh,dev_sh_00044,158,100,673,758,694,765,1.126300,1.031204,1.136701,614
sh,dev_sh_00044,158,200,673,758,774,765,1.126300,1.150074,1.136701,614
sh,dev_sh_00069,160,100,823,825,924,840,1.002430,1.122722,1.020656,764
sh,dev_sh_00069,160,200,823,825,923,832,1.002430,1.121507,1.010936,764
sh,dev_sh_00078,160,100,940,938,1042,961,0.997872,1.108511,1.022340,882
sh,dev_sh_00078,160,200,939,938,1037,943,0.998935,1.104366,1.004260,882
sh,dev_sh_00058,161,100,660,753,769,760,1.140909,1.165152,1.151515,609
sh,dev_sh_00058,161,200,660,753,768,760,1.140909,1.163636,1.151515,609
sh,dev_sh_00062,161,100,949,939,1043,962,0.989463,1.099052,1.013699,883
sh,dev_sh_00062,161,200,948,939,1042,944,0.990506,1.099156,0.995781,883
sh,dev_sh_00066,162,100,948,938,1042,961,0.989451,1.099156,1.013713,882
sh,dev_sh_00066,162,200,947,938,1037,943,0.990496,1.095037,0.995776,882
sh,dev_sh_00090,163,100,828,830,769,845,1.002415,0.928744,1.020531,769
sh,dev_sh_00090,163,200,828,830,929,841,1.002415,1.121981,1.015700,769
sh,dev_sh_00043,164,100,926,924,1028,947,0.997840,1.110151,1.022678,868
sh,dev_sh_00043,164,200,925,924,1023,933,0.998919,1.105946,1.008649,868
sh,dev_sh_00038,166,100,944,934,1038,957,0.989407,1.099576,1.013771,878
sh,dev_sh_00038,166,200,944,934,1037,943,0.989407,1.098517,0.998941,878
sh,dev_sh_00047,168,100,836,835,773,849,0.998804,0.924641,1.015550,773
sh,dev_sh_00047,168,200,836,834,937,841,0.997608,1.120813,1.005981,773
sh,dev_sh_00006,171,100,990,1023,1022,1029,1.033333,1.032323,1.039394,944
sh,dev_sh_00006,171,200,990,1023,1028,1029,1.033333,1.038384,1.039394,944
sh,dev_sh_00011,188,100,853,855,794,870,1.002345,0.930832,1.019930,794
sh,dev_sh_00011,188,200,853,855,954,857,1.002345,1.118406,1.004689,794
sh,dev_sh_00072,189,100,834,840,859,850,1.007194,1.029976,1.019185,779
sh,dev_sh_00072,189,200,834,835,939,846,1.001199,1.125899,1.014388,779
sh,dev_sh_00095,189,100,944,954,955,963,1.010593,1.011653,1.020127,875
sh,dev_sh_00095,189,200,943,954,959,959,1.011665,1.016967,1.016967,875
sh,dev_sh_00082,194,100,696,777,709,780,1.116379,1.018678,1.120690,629
sh,dev_sh_00082,194,200,696,773,788,780,1.110632,1.132184,1.120690,629
sh,dev_sh_00094,196,100,864,851,789,935,0.984954,0.913194,1.082176,789
sh,dev_sh_00094,196,200,864,850,957,861,0.983796,1.107639,0.996528,789
sh,dev_sh_00039,198,100,982,968,1072,1061,0.985743,1.091650,1.080448,912
sh,dev_sh_00039,198,200,982,968,1067,972,0.985743,1.086558,0.989817,912
sh,dev_sh_00021,201,100,710,788,643,794,1.109859,0.905634,1.118310,643
sh,dev_sh_00021,201,200,710,787,807,790,1.108451,1.136620,1.112676,643
sh,dev_sh_00023,201,100,710,788,643,794,1.109859,0.905634,1.118310,643
sh,dev_sh_00023,201,200,710,787,807,790,1.108451,1.136620,1.112676,643
sh,dev_sh_00010,203,100,988,974,1078,997,0.985830,1.091093,1.009109,918
sh,dev_sh_00010,203,200,988,969,1090,978,0.980769,1.103239,0.989879,918
sh,dev_sh_00074,206,100,720,793,649,800,1.101389,0.901389,1.111111,649
sh,dev_sh_00074,206,200,720,793,809,796,1.101389,1.123611,1.105556,649
sh,dev_sh_00096,239,100,763,845,696,860,1.107471,0.912189,1.127130,696
sh,dev_sh_00096,239,200,763,845,856,866,1.107471,1.121887,1.134993,696
sh,dev_sh_00001,263,100,1130,1139,1060,1157,1.007965,0.938053,1.023894,1060
sh,dev_sh_00001,263,200,1130,1139,1137,1157,1.007965,1.006195,1.023894,1060
sh,dev_sh_00075,263,100,1186,1203,1124,1221,1.014334,0.947723,1.029511,1124
sh,dev_sh_00075,263,200,1186,1203,1202,1221,1.014334,1.013491,1.029511,1124
sh,dev_sh_00087,267,100,840,933,775,945,1.110714,0.922619,1.125000,775
sh,dev_sh_00087,267,200,840,930,934,945,1.107143,1.111905,1.125000,775
sh,dev_sh_00085,272,100,836,929,775,951,1.111244,0.927033,1.137560,775
sh,dev_sh_00085,272,200,836,924,933,945,1.105263,1.116029,1.130383,775
sh,dev_sh_00005,288,100,853,951,796,966,1.114889,0.933177,1.132474,796
sh,dev_sh_00005,288,200,853,951,958,966,1.114889,1.123095,1.132474,796
bezier,dev_bezier_00002,58,100,170,166,166,166,0.976471,0.976471,0.976471,166
bezier,dev_bezier_00002,58,200,166,166,166,166,1.000000,1.000000,1.000000,166
bezier,dev_bezier_00005,58,100,170,166,166,166,0.976471,0.976471,0.976471,166
bezier,dev_bezier_00005,58,200,166,166,166,166,1.000000,1.000000,1.000000,166
bezier,dev_bezier_00006,58,100,170,166,166,166,0.976471,0.976471,0.976471,166
bezier,dev_bezier_00006,58,200,166,166,166,166,1.000000,1.000000,1.000000,166
bezier,dev_bezier_00008,58,100,170,166,166,166,0.976471,0.976471,0.976471,166
bezier,dev_bezier_00008,58,200,166,166,166,166,1.000000,1.000000,1.000000,166
bezier,dev_bezier_00009,58,100,170,166,166,166,0.976471,0.976471,0.976471,166
bezier,dev_bezier_00009,58,200,166,166,166,166,1.000000,1.000000,1.000000,166
bezier,dev_bezier_00010,58,100,170,166,166,166,0.976471,0.976471,0.976471,166
bezier,dev_bezier_00010,58,200,166,166,166,166,1.000000,1.000000,1.000000,166
bezier,dev_bezier_00015,58,100,170,166,166,166,0.976471,0.976471,0.976471,166
bezier,dev_bezier_00015,58,200,166,166,166,166,1.000000,1.000000,1.000000,166
bezier,dev_bezier_00017,58,100,170,166,166,166,0.976471,0.976471,0.976471,166
bezier,dev_bezier_00017,58,200,166,166,166,166,1.000000,1.000000,1.000000,166
bezier,dev_bezier_00018,58,100,170,166,166,166,0.976471,0.976471,0.976471,166
bezier,dev_bezier_00018,58,200,166,166,166,166,1.000000,1.000000,1.000000,166
bezier,dev_bezier_00026,58,100,170,166,166,166,0.976471,0.976471,0.976471,166
bezier,dev_bezier_00026,58,200,166,166,166,166,1.000000,1.000000,1.000000,166
bezier,dev_bezier_00045,58,100,170,166,166,166,0.976471,0.976471,0.976471,166
bezier,dev_bezier_00045,58,200,166,166,166,166,1.000000,1.000000,1.000000,166
bezier,dev_bezier_00049,58,100,170,166,166,166,0.976471,0.976471,0.976471,166
bezier,dev_bezier_00049,58,200,166,166,166,166,1.000000,1.000000,1.000000,166
bezier,dev_bezier_00054,58,100,170,166,166,166,0.976471,0.976471,0.976471,166
bezier,dev_bezier_00054,58,200,166,166,166,166,1.000000,1.000000,1.000000,166
bezier,dev_bezier_00059,58,100,170,166,166,166,0.976471,0.976471,0.976471,166
bezier,dev_bezier_00059,58,200,166,166,166,166,1.000000,1.000000,1.000000,166
bezier,dev_bezier_00061,58,100,170,166,166,166,0.976471,0.976471,0.976471,166
bezier,dev_bezier_00061,58,200,166,166,166,166,1.000000,1.000000,1.000000,166
bezier,dev_bezier_00064,58,100,170,166,166,166,0.976471,0.976471,0.976471,166
bezier,dev_bezier_00064,58,200,166,166,166,166,1.000000,1.000000,1.000000,166
bezier,dev_bezier_00067,58,100,170,166,166,166,0.976471,0.976471,0.976471,166
bezier,dev_bezier_00067,58,200,166,166,166,166,1.000000,1.000000,1.000000,166
bezier,dev_bezier_00068,58,100,170,166,166,166,0.976471,0.976471,0.976471,166
bezier,dev_bezier_00068,58,200,166,166,166,166,1.000000,1.000000,1.000000,166
bezier,dev_bezier_00075,58,100,170,166,166,166,0.976471,0.976471,0.976471,166
bezier,dev_bezier_00075,58,200,166,166,166,166,1.000000,1.000000,1.000000,166
bezier,dev_bezier_00079,58,100,170,166,166,166,0.976471,0.976471,0.976471,166
bezier,dev_bezier_00079,58,200,166,166,166,166,1.000000,1.000000,1.000000,166
bezier,dev_bezier_00004,62,100,140,102,102,112,0.728571,0.728571,0.800000,102
bezier,dev_bezier_00004,62,200,130,102,120,112,0.784615,0.923077,0.861538,102
bezier,dev_bezier_00019,62,100,140,102,102,112,0.728571,0.728571,0.800000,102
bezier,dev_bezier_00019,62,200,130,102,120,112,0.784615,0.923077,0.861538,102
bezier,dev_bezier_00023,62,100,140,102,102,112,0.728571,0.728571,0.800000,102
bezier,dev_bezier_00023,62,200,130,102,120,112,0.784615,0.923077,0.861538,102
bezier,dev_bezier_00028,62,100,140,102,102,112,0.728571,0.728571,0.800000,102
bezier,dev_bezier_00028,62,200,130,102,120,112,0.784615,0.923077,0.861538,102
bezier,dev_bezier_00031,62,100,140,102,102,112,0.728571,0.728571,0.800000,102
bezier,dev_bezier_00031,62,200,130,102,120,112,0.784615,0.923077,0.861538,102
bezier,dev_bezier_00034,62,100,140,102,102,112,0.728571,0.728571,0.800000,102
bezier,dev_bezier_00034,62,200,130,102,120,112,0.784615,0.923077,0.861538,102
bezier,dev_bezier_00035,62,100,140,102,102,112,0.728571,0.728571,0.800000,102
bezier,dev_bezier_00035,62,200,130,102,120,112,0.784615,0.923077,0.861538,102
bezier,dev_bezier_00043,62,100,140,102,102,112,0.728571,0.728571,0.800000,102
bezier,dev_bezier_00043,62,200,130,102,120,112,0.784615,0.923077,0.861538,102
bezier,dev_bezier_00044,62,100,140,102,102,112,0.728571,0.728571,0.800000,102
bezier,dev_bezier_00044,62,200,130,102,120,112,0.784615,0.923077,0.861538,102
bezier,dev_bezier_00057,62,100,140,102,102,112,0.728571,0.728571,0.800000,102
bezier,dev_bezier_00057,62,200,130,102,120,112,0.784615,0.923077,0.861538,102
bezier,dev_bezier_00058,62,100,140,102,102,112,0.728571,0.728571,0.800000,102
bezier,dev_bezier_00058,62,200,130,102,120,112,0.784615,0.923077,0.861538,102
bezier,dev_bezier_00063,62,100,140,102,102,112,0.728571,0.728571,0.800000,102
bezier,dev_bezier_00063,62,200,130,102,120,112,0.784615,0.923077,0.861538,102
bezier,dev_bezier_00069,62,100,140,102,102,112,0.728571,0.728571,0.800000,102
bezier,dev_bezier_00069,62,200,130,102,120,112,0.784615,0.923077,0.861538,102
bezier,dev_bezier_00070,62,100,140,102,102,112,0.728571,0.728571,0.800000,102
bezier,dev_bezier_00070,62,200,130,102,120,112,0.784615,0.923077,0.861538,102
bezier,dev_bezier_00078,62,100,140,102,102,112,0.728571,0.728571,0.800000,102
bezier,dev_bezier_00078,62,200,130,102,120,112,0.784615,0.923077,0.861538,102
bezier,dev_bezier_00000,78,100,178,142,142,142,0.797753,0.797753,0.797753,132
bezier,dev_bezier_00000,78,200,168,132,132,142,0.785714,0.785714,0.845238,132
bezier,dev_bezier_00003,78,100,178,142,142,142,0.797753,0.797753,0.797753,132
bezier,dev_bezier_00003,78,200,168,132,132,142,0.785714,0.785714,0.845238,132
bezier,dev_bezier_00007,78,100,178,142,142,142,0.797753,0.797753,0.797753,132
bezier,dev_bezier_00007,78,200,168,132,132,142,0.785714,0.785714,0.845238,132
bezier,dev_bezier_00011,78,100,178,142,142,142,0.797753,0.797753,0.797753,132
bezier,dev_bezier_00011,78,200,168,132,132,142,0.785714,0.785714,0.845238,132
bezier,dev_bezier_00012,78,100,178,142,142,142,0.797753,0.797753,0.797753,132
bezier,dev_bezier_00012,78,200,168,132,132,142,0.785714,0.785714,0.845238,132
bezier,dev_bezier_00014,78,100,178,142,142,142,0.797753,0.797753,0.797753,132
bezier,dev_bezier_00014,78,200,168,132,132,142,0.785714,0.785714,0.845238,132
bezier,dev_bezier_00016,78,100,178,142,142,142,0.797753,0.797753,0.797753,132
bezier,dev_bezier_00016,78,200,168,132,132,142,0.785714,0.785714,0.845238,132
bezier,dev_bezier_00021,78,100,178,142,142,142,0.797753,0.797753,0.797753,132
bezier,dev_bezier_00021,78,200,168,132,132,142,0.785714,0.785714,0.845238,132
bezier,dev_bezier_00025,78,100,178,142,142,142,0.797753,0.797753,0.797753,132
bezier,dev_bezier_00025,78,200,168,132,132,142,0.785714,0.785714,0.845238,132
bezier,dev_bezier_00027,78,100,178,142,142,142,0.797753,0.797753,0.797753,132
bezier,dev_bezier_00027,78,200,168,132,132,142,0.785714,0.785714,0.845238,132
bezier,dev_bezier_00036,78,100,178,142,142,142,0.797753,0.797753,0.797753,132
bezier,dev_bezier_00036,78,200,168,132,132,142,0.785714,0.785714,0.845238,132
bezier,dev_bezier_00038,78,100,178,142,142,142,0.797753,0.797753,0.797753,132
bezier,dev_bezier_00038,78,200,168,132,132,142,0.785714,0.785714,0.845238,132
bezier,dev_bezier_00040,78,100,178,142,142,142,0.797753,0.797753,0.797753,132
bezier,dev_bezier_00040,78,200,168,132,132,142,0.785714,0.785714,0.845238,132
bezier,dev_bezier_00041,78,100,178,142,142,142,0.797753,0.797753,0.797753,132
bezier,dev_bezier_00041,78,200,168,132,132,142,0.785714,0.785714,0.845238,132
bezier,dev_bezier_00046,78,100,178,142,142,142,0.797753,0.797753,0.797753,132
bezier,dev_bezier_00046,78,200,168,132,132,142,0.785714,0.785714,0.845238,132
bezier,dev_bezier_00048,78,100,178,142,142,142,0.797753,0.797753,0.797753,132
bezier,dev_bezier_00048,78,200,168,132,132,142,0.785714,0.785714,0.845238,132
bezier,dev_bezier_00050,78,100,178,142,142,142,0.797753,0.797753,0.797753,132
bezier,dev_bezier_00050,78,200,168,132,132,142,0.785714,0.785714,0.845238,132
bezier,dev_bezier_00051,78,100,178,142,142,142,0.797753,0.797753,0.797753,132
bezier,dev_bezier_00051,78,200,168,132,132,142,0.785714,0.785714,0.845238,132
bezier,dev_bezier_00052,78,100,178,142,142,142,0.797753,0.797753,0.797753,132
bezier,dev_bezier_00052,78,200,168,132,132,142,0.785714,0.785714,0.845238,132
bezier,dev_bezier_00053,78,100,178,142,142,142,0.797753,0.797753,0.797753,132
bezier,dev_bezier_00053,78,200,168,132,132,142,0.785714,0.785714,0.845238,132
bezier,dev_bezier_00055,78,100,178,142,142,142,0.797753,0.797753,0.797753,132
bezier,dev_bezier_00055,78,200,168,132,132,142,0.785714,0.785714,0.845238,132
bezier,dev_bezier_00062,78,100,178,142,142,142,0.797753,0.797753,0.797753,132
bezier,dev_bezier_00062,78,200,168,132,132,142,0.785714,0.785714,0.845238,132
bezier,dev_bezier_00065,78,100,178,142,142,142,0.797753,0.797753,0.797753,132
bezier,dev_bezier_00065,78,200,168,132,132,142,0.785714,0.785714,0.845238,132
bezier,dev_bezier_00066,78,100,178,142,142,142,0.797753,0.797753,0.797753,132
bezier,dev_bezier_00066,78,200,168,132,132,142,0.785714,0.785714,0.845238,132
bezier,dev_bezier_00072,78,100,178,142,142,142,0.797753,0.797753,0.797753,132
bezier,dev_bezier_00072,78,200,168,132,132,142,0.785714,0.785714,0.845238,132
bezier,dev_bezier_00074,78,100,178,142,142,142,0.797753,0.797753,0.797753,132
bezier,dev_bezier_00074,78,200,168,132,132,142,0.785714,0.785714,0.845238,132
bezier,dev_bezier_00001,127,100,328,268,268,268,0.817073,0.817073,0.817073,248
bezier,dev_bezier_00001,127,200,308,268,268,268,0.870130,0.870130,0.870130,248
bezier,dev_bezier_00013,127,100,328,268,268,268,0.817073,0.817073,0.817073,248
bezier,dev_bezier_00013,127,200,308,268,268,268,0.870130,0.870130,0.870130,248
bezier,dev_bezier_00020,127,100,328,268,268,268,0.817073,0.817073,0.817073,248
bezier,dev_bezier_00020,127,200,308,268,268,268,0.870130,0.870130,0.870130,248
bezier,dev_bezier_00022,127,100,328,268,268,268,0.817073,0.817073,0.817073,248
bezier,dev_bezier_00022,127,200,308,268,268,268,0.870130,0.870130,0.870130,248
bezier,dev_bezier_00024,127,100,328,268,268,268,0.817073,0.817073,0.817073,248
bezier,dev_bezier_00024,127,200,308,268,268,268,0.870130,0.870130,0.870130,248
bezier,dev_bezier_00029,127,100,328,268,268,268,0.817073,0.817073,0.817073,248
bezier,dev_bezier_00029,127,200,308,268,268,268,0.870130,0.870130,0.870130,248
bezier,dev_bezier_00030,127,100,328,268,268,268,0.817073,0.817073,0.817073,248
bezier,dev_bezier_00030,127,200,308,268,268,268,0.870130,0.870130,0.870130,248
bezier,dev_bezier_00032,127,100,328,268,268,268,0.817073,0.817073,0.817073,248
bezier,dev_bezier_00032,127,200,308,268,268,268,0.870130,0.870130,0.870130,248
bezier,dev_bezier_00033,127,100,328,268,268,268,0.817073,0.817073,0.817073,248
bezier,dev_bezier_00033,127,200,308,268,268,268,0.870130,0.870130,0.870130,248
bezier,dev_bezier_00037,127,100,328,268,268,268,0.817073,0.817073,0.817073,248
bezier,dev_bezier_00037,127,200,308,268,268,268,0.870130,0.870130,0.870130,248
bezier,dev_bezier_00039,127,100,328,268,268,268,0.817073,0.817073,0.817073,248
bezier,dev_bezier_00039,127,200,308,268,268,268,0.870130,0.870130,0.870130,248
bezier,dev_bezier_00042,127,100,328,268,268,268,0.817073,0.817073,0.817073,248
bezier,dev_bezier_00042,127,200,308,268,268,268,0.870130,0.870130,0.870130,248
bezier,dev_bezier_00047,127,100,328,268,268,268,0.817073,0.817073,0.817073,248
bezier,dev_bezier_00047,127,200,308,268,268,268,0.870130,0.870130,0.870130,248
bezier,dev_bezier_00056,127,100,328,268,268,268,0.817073,0.817073,0.817073,248
bezier,dev_bezier_00056,127,200,308,268,268,268,0.870130,0.870130,0.870130,248
bezier,dev_bezier_00060,127,100,328,268,268,268,0.817073,0.817073,0.817073,248
bezier,dev_bezier_00060,127,200,308,268,268,268,0.870130,0.870130,0.870130,248
bezier,dev_bezier_00071,127,100,328,268,268,268,0.817073,0.817073,0.817073,248
bezier,dev_bezier_00071,127,200,308,268,268,268,0.870130,0.870130,0.870130,248
bezier,dev_bezier_00073,127,100,328,268,268,268,0.817073,0.817073,0.817073,248
bezier,dev_bezier_00073,127,200,308,268,268,268,0.870130,0.870130,0.870130,248
bezier,dev_bezier_00076,127,100,328,268,268,268,0.817073,0.817073,0.817073,248
bezier,dev_bezier_00076,127,200,308,268,268,268,0.870130,0.870130,0.870130,248
bezier,dev_bezier_00077,127,100,328,268,268,268,0.817073,0.817073,0.817073,248
bezier,dev_bezier_00077,127,200,308,268,268,268,0.870130,0.870130,0.870130,248
