name,category,rule_order,node_count,max_classes,stop,hit_class_cap,live_before,closure_unions,live_after,reduction_frac,cost_before,cost_after,cost_change_frac,would_avoid_cap
cellgrid:120x40_d2,cellgrid,production,623,5000,ClassCap,true,1261,7,1254,0.005551,432,432,0.000000,true
cellgrid:80x24_d1,cellgrid,production,623,5000,ClassCap,true,1260,7,1253,0.005556,427,427,0.000000,true
cellgrid:80x24_d2,cellgrid,production,623,5000,ClassCap,true,1261,7,1254,0.005551,432,432,0.000000,true
glyph16:U+0020,glyph,production,1,500,Quiesced,false,1,0,1,0.000000,0,0,0.000000,false
glyph16:U+0021,glyph,production,1927,5000,ClassCap,true,1352,0,1352,0.000000,3125,3125,0.000000,true
glyph16:U+0022,glyph,production,199,5000,ClassCap,true,421,32,389,0.076010,310,286,-0.077419,true
glyph16:U+0023,glyph,production,615,5000,ClassCap,true,826,41,785,0.049637,1014,1014,0.000000,true
glyph16:U+0024,glyph,production,7185,5000,ClassCap,true,3246,0,3246,0.000000,13131,13131,0.000000,true
glyph16:U+0025,glyph,production,7327,5000,ClassCap,true,3186,0,3186,0.000000,12640,12640,0.000000,true
glyph16:U+0026,glyph,production,9420,5000,ClassCap,true,4308,0,4308,0.000000,17979,17979,0.000000,true
glyph16:U+0027,glyph,production,127,5000,ClassCap,true,582,61,521,0.104811,171,152,-0.111111,true
glyph16:U+0028,glyph,production,1855,5000,ClassCap,true,1379,0,1379,0.000000,3039,3039,0.000000,true
glyph16:U+0029,glyph,production,1855,5000,ClassCap,true,1378,0,1378,0.000000,3039,3039,0.000000,true
glyph16:U+002A,glyph,production,559,5000,ClassCap,true,1002,34,968,0.033932,1143,1143,0.000000,true
glyph16:U+002B,glyph,production,247,5000,ClassCap,true,244,0,244,0.000000,319,319,0.000000,true
glyph16:U+002C,glyph,production,1694,5000,ClassCap,true,1366,0,1366,0.000000,2779,2779,0.000000,true
glyph16:U+002D,glyph,production,119,5000,Quiesced,false,117,0,117,0.000000,133,133,0.000000,false
glyph16:U+002E,glyph,production,1855,5000,ClassCap,true,1354,0,1354,0.000000,2881,2881,0.000000,true
glyph16:U+002F,glyph,production,127,5000,Timeout,false,447,37,410,0.082774,166,147,-0.114458,false
glyph16:U+0030,glyph,production,5402,5000,ClassCap,true,2903,0,2903,0.000000,9970,9970,0.000000,true
glyph16:U+0031,glyph,production,1452,5000,ClassCap,true,1323,0,1323,0.000000,2520,2520,0.000000,true
glyph16:U+0032,glyph,production,3891,5000,ClassCap,true,2533,0,2533,0.000000,6980,6980,0.000000,true
glyph16:U+0033,glyph,production,6993,5000,ClassCap,true,3209,0,3209,0.000000,12797,12797,0.000000,true
glyph16:U+0034,glyph,production,1637,5000,ClassCap,true,1337,0,1337,0.000000,2751,2751,0.000000,true
glyph16:U+0035,glyph,production,4546,5000,ClassCap,true,2683,0,2683,0.000000,8145,8145,0.000000,true
glyph16:U+0036,glyph,production,8067,5000,ClassCap,true,3663,0,3663,0.000000,15249,15249,0.000000,true
glyph16:U+0037,glyph,production,191,5000,ClassCap,true,378,0,378,0.000000,288,288,0.000000,true
glyph16:U+0038,glyph,production,9774,5000,ClassCap,true,4420,0,4420,0.000000,18500,18500,0.000000,true
glyph16:U+0039,glyph,production,8267,5000,ClassCap,true,3774,0,3774,0.000000,15698,15698,0.000000,true
glyph16:U+003A,glyph,production,3655,5000,ClassCap,true,2312,0,2312,0.000000,6228,6228,0.000000,true
glyph16:U+003B,glyph,production,3494,5000,ClassCap,true,2307,0,2307,0.000000,6080,6080,0.000000,true
glyph16:U+003C,glyph,production,295,5000,ClassCap,true,420,0,420,0.000000,514,514,0.000000,true
glyph16:U+003D,glyph,production,183,5000,Quiesced,false,172,0,172,0.000000,231,231,0.000000,false
glyph16:U+003E,glyph,production,295,5000,ClassCap,true,421,0,421,0.000000,519,519,0.000000,true
glyph16:U+003F,glyph,production,6716,5000,ClassCap,true,3176,0,3176,0.000000,12176,12176,0.000000,true
glyph16:U+0040,glyph,production,12056,5000,ClassCap,true,5226,0,5226,0.000000,23527,23527,0.000000,false
glyph16:U+0041,glyph,production,1605,5000,ClassCap,true,1340,0,1340,0.000000,2672,2672,0.000000,true
glyph16:U+0042,glyph,production,4470,5000,ClassCap,true,2650,0,2650,0.000000,7970,7970,0.000000,true
glyph16:U+0043,glyph,production,5129,5000,ClassCap,true,2830,0,2830,0.000000,9459,9459,0.000000,true
glyph16:U+0044,glyph,production,2606,5000,ClassCap,true,1933,0,1933,0.000000,4506,4506,0.000000,true
glyph16:U+0045,glyph,production,247,5000,ClassCap,true,370,0,370,0.000000,335,335,0.000000,true
glyph16:U+0046,glyph,production,215,5000,ClassCap,true,331,0,331,0.000000,285,285,0.000000,true
glyph16:U+0047,glyph,production,4563,5000,ClassCap,true,2695,0,2695,0.000000,8262,8262,0.000000,true
glyph16:U+0048,glyph,production,247,5000,ClassCap,true,369,0,369,0.000000,314,314,0.000000,true
glyph16:U+0049,glyph,production,391,5000,ClassCap,true,565,1,564,0.001770,626,626,0.000000,true
glyph16:U+004A,glyph,production,2425,5000,ClassCap,true,1868,0,1868,0.000000,4339,4339,0.000000,true
glyph16:U+004B,glyph,production,617,5000,ClassCap,true,925,15,910,0.016216,1047,1047,0.000000,true
glyph16:U+004C,glyph,production,151,5000,ClassCap,true,422,0,422,0.000000,185,185,0.000000,true
glyph16:U+004D,glyph,production,2345,5000,ClassCap,true,1703,7,1696,0.004110,4133,4133,0.000000,true
glyph16:U+004E,glyph,production,1399,5000,ClassCap,true,1325,0,1325,0.000000,2457,2457,0.000000,true
glyph16:U+004F,glyph,production,5945,5000,ClassCap,true,3006,0,3006,0.000000,10769,10769,0.000000,true
glyph16:U+0050,glyph,production,2409,5000,ClassCap,true,1714,4,1710,0.002334,3990,3990,0.000000,true
glyph16:U+0051,glyph,production,6053,5000,ClassCap,true,3029,0,3029,0.000000,10749,10749,0.000000,true
glyph16:U+0052,glyph,production,2710,5000,ClassCap,true,2000,0,2000,0.000000,4725,4725,0.000000,true
glyph16:U+0053,glyph,production,7616,5000,ClassCap,true,3414,0,3414,0.000000,14066,14066,0.000000,true
glyph16:U+0054,glyph,production,183,5000,ClassCap,true,468,3,465,0.006410,227,227,0.000000,true
glyph16:U+0055,glyph,production,2899,5000,ClassCap,true,2079,0,2079,0.000000,5170,5170,0.000000,true
glyph16:U+0056,glyph,production,1573,5000,ClassCap,true,1319,0,1319,0.000000,2647,2647,0.000000,true
glyph16:U+0057,glyph,production,7232,5000,ClassCap,true,3271,0,3271,0.000000,13499,13499,0.000000,true
glyph16:U+0058,glyph,production,343,5000,ClassCap,true,628,1,627,0.001592,652,652,0.000000,true
glyph16:U+0059,glyph,production,263,5000,ClassCap,true,412,1,411,0.002427,437,437,0.000000,true
glyph16:U+005A,glyph,production,255,5000,ClassCap,true,459,0,459,0.000000,393,393,0.000000,true
glyph16:U+005B,glyph,production,183,5000,Quiesced,false,175,0,175,0.000000,234,234,0.000000,false
glyph16:U+005C,glyph,production,127,5000,Timeout,false,447,37,410,0.082774,166,147,-0.114458,false
glyph16:U+005D,glyph,production,183,5000,Quiesced,false,177,0,177,0.000000,244,244,0.000000,false
glyph16:U+005E,glyph,production,199,5000,ClassCap,true,420,0,420,0.000000,319,319,0.000000,true
glyph16:U+005F,glyph,production,119,5000,Timeout,false,321,0,321,0.000000,129,129,0.000000,false
glyph16:U+0060,glyph,production,1722,5000,ClassCap,true,1342,0,1342,0.000000,2827,2827,0.000000,true
glyph16:U+0061,glyph,production,5743,5000,ClassCap,true,3007,0,3007,0.000000,10612,10612,0.000000,true
glyph16:U+0062,glyph,production,5129,5000,ClassCap,true,2824,0,2824,0.000000,9434,9434,0.000000,true
glyph16:U+0063,glyph,production,4671,5000,ClassCap,true,2700,0,2700,0.000000,8419,8419,0.000000,true
glyph16:U+0064,glyph,production,5864,5000,ClassCap,true,3022,0,3022,0.000000,10763,10763,0.000000,true
glyph16:U+0065,glyph,production,4872,5000,ClassCap,true,2751,0,2751,0.000000,8766,8766,0.000000,true
glyph16:U+0066,glyph,production,2364,5000,ClassCap,true,1682,5,1677,0.002973,3955,3955,0.000000,true
glyph16:U+0067,glyph,production,7009,5000,ClassCap,true,3208,0,3208,0.000000,12799,12799,0.000000,true
glyph16:U+0068,glyph,production,2931,5000,ClassCap,true,2082,0,2082,0.000000,5045,5045,0.000000,true
glyph16:U+0069,glyph,production,2123,5000,ClassCap,true,1455,2,1453,0.001375,3510,3510,0.000000,true
glyph16:U+006A,glyph,production,4293,5000,ClassCap,true,2597,0,2597,0.000000,7523,7523,0.000000,true
glyph16:U+006B,glyph,production,1460,5000,ClassCap,true,1306,0,1306,0.000000,2517,2517,0.000000,true
glyph16:U+006C,glyph,production,323,5000,ClassCap,true,467,1,466,0.002141,522,522,0.000000,true
glyph16:U+006D,glyph,production,5289,5000,ClassCap,true,2856,0,2856,0.000000,9624,9624,0.000000,true
glyph16:U+006E,glyph,production,2264,5000,ClassCap,true,1631,8,1623,0.004905,3759,3759,0.000000,true
glyph16:U+006F,glyph,production,5716,5000,ClassCap,true,2947,0,2947,0.000000,10262,10262,0.000000,true
glyph16:U+0070,glyph,production,5406,5000,ClassCap,true,2901,0,2901,0.000000,9922,9922,0.000000,true
glyph16:U+0071,glyph,production,5046,5000,ClassCap,true,2802,0,2802,0.000000,9172,9172,0.000000,true
glyph16:U+0072,glyph,production,2456,5000,ClassCap,true,1804,5,1799,0.002772,4180,4180,0.000000,true
glyph16:U+0073,glyph,production,6929,5000,ClassCap,true,3201,0,3201,0.000000,12680,12680,0.000000,true
glyph16:U+0074,glyph,production,2421,5000,ClassCap,true,1796,3,1793,0.001670,4109,4109,0.000000,true
glyph16:U+0075,glyph,production,2493,5000,ClassCap,true,1809,2,1807,0.001106,4153,4153,0.000000,true
glyph16:U+0076,glyph,production,1115,5000,ClassCap,true,1182,9,1173,0.007614,1760,1760,0.000000,true
glyph16:U+0077,glyph,production,3663,5000,ClassCap,true,2492,1,2491,0.000401,6602,6602,0.000000,true
glyph16:U+0078,glyph,production,343,5000,ClassCap,true,620,1,619,0.001613,639,639,0.000000,true
glyph16:U+0079,glyph,production,3530,5000,ClassCap,true,2436,0,2436,0.000000,6403,6403,0.000000,true
glyph16:U+007A,glyph,production,255,5000,ClassCap,true,459,0,459,0.000000,393,393,0.000000,true
glyph16:U+007B,glyph,production,4598,5000,ClassCap,true,2694,0,2694,0.000000,8205,8205,0.000000,true
glyph16:U+007C,glyph,production,119,5000,Quiesced,false,112,0,112,0.000000,133,133,0.000000,false
glyph16:U+007D,glyph,production,4598,5000,ClassCap,true,2688,0,2688,0.000000,8215,8215,0.000000,true
glyph16:U+007E,glyph,production,5093,5000,ClassCap,true,2812,0,2812,0.000000,9370,9370,0.000000,true
glyph32:U+0020,glyph,production,1,500,Quiesced,false,1,0,1,0.000000,0,0,0.000000,false
glyph32:U+0021,glyph,production,1927,5000,ClassCap,true,1352,0,1352,0.000000,3125,3125,0.000000,true
glyph32:U+0022,glyph,production,199,5000,ClassCap,true,421,32,389,0.076010,310,286,-0.077419,true
glyph32:U+0023,glyph,production,615,5000,ClassCap,true,826,41,785,0.049637,1014,1014,0.000000,true
glyph32:U+0024,glyph,production,7185,5000,ClassCap,true,3246,0,3246,0.000000,13131,13131,0.000000,true
glyph32:U+0025,glyph,production,7327,5000,ClassCap,true,3186,0,3186,0.000000,12640,12640,0.000000,true
glyph32:U+0026,glyph,production,9420,5000,ClassCap,true,4308,0,4308,0.000000,17979,17979,0.000000,true
glyph32:U+0027,glyph,production,127,5000,ClassCap,true,582,61,521,0.104811,171,152,-0.111111,true
glyph32:U+0028,glyph,production,1855,5000,ClassCap,true,1379,0,1379,0.000000,3039,3039,0.000000,true
glyph32:U+0029,glyph,production,1855,5000,ClassCap,true,1378,0,1378,0.000000,3039,3039,0.000000,true
glyph32:U+002A,glyph,production,559,5000,ClassCap,true,1002,34,968,0.033932,1143,1143,0.000000,true
glyph32:U+002B,glyph,production,247,5000,ClassCap,true,244,0,244,0.000000,319,319,0.000000,true
glyph32:U+002C,glyph,production,1694,5000,ClassCap,true,1366,0,1366,0.000000,2779,2779,0.000000,true
glyph32:U+002D,glyph,production,119,5000,Quiesced,false,116,0,116,0.000000,133,133,0.000000,false
glyph32:U+002E,glyph,production,1855,5000,ClassCap,true,1354,0,1354,0.000000,2881,2881,0.000000,true
glyph32:U+002F,glyph,production,127,5000,Timeout,false,447,37,410,0.082774,166,147,-0.114458,false
glyph32:U+0030,glyph,production,5402,5000,ClassCap,true,2903,0,2903,0.000000,9970,9970,0.000000,true
glyph32:U+0031,glyph,production,1452,5000,ClassCap,true,1323,0,1323,0.000000,2520,2520,0.000000,true
glyph32:U+0032,glyph,production,3891,5000,ClassCap,true,2533,0,2533,0.000000,6980,6980,0.000000,true
glyph32:U+0033,glyph,production,6993,5000,ClassCap,true,3209,0,3209,0.000000,12797,12797,0.000000,true
glyph32:U+0034,glyph,production,1637,5000,ClassCap,true,1337,0,1337,0.000000,2751,2751,0.000000,true
glyph32:U+0035,glyph,production,4546,5000,ClassCap,true,2683,0,2683,0.000000,8145,8145,0.000000,true
glyph32:U+0036,glyph,production,8067,5000,ClassCap,true,3663,0,3663,0.000000,15249,15249,0.000000,true
glyph32:U+0037,glyph,production,191,5000,ClassCap,true,377,0,377,0.000000,288,288,0.000000,true
glyph32:U+0038,glyph,production,9774,5000,ClassCap,true,4420,0,4420,0.000000,18500,18500,0.000000,true
glyph32:U+0039,glyph,production,8267,5000,ClassCap,true,3774,0,3774,0.000000,15698,15698,0.000000,true
glyph32:U+003A,glyph,production,3655,5000,ClassCap,true,2312,0,2312,0.000000,6228,6228,0.000000,true
glyph32:U+003B,glyph,production,3494,5000,ClassCap,true,2307,0,2307,0.000000,6080,6080,0.000000,true
glyph32:U+003C,glyph,production,295,5000,ClassCap,true,420,0,420,0.000000,514,514,0.000000,true
glyph32:U+003D,glyph,production,183,5000,Quiesced,false,172,0,172,0.000000,231,231,0.000000,false
glyph32:U+003E,glyph,production,295,5000,ClassCap,true,421,0,421,0.000000,519,519,0.000000,true
glyph32:U+003F,glyph,production,6716,5000,ClassCap,true,3176,0,3176,0.000000,12176,12176,0.000000,true
glyph32:U+0040,glyph,production,12056,5000,ClassCap,true,5226,0,5226,0.000000,23527,23527,0.000000,false
glyph32:U+0041,glyph,production,1605,5000,ClassCap,true,1340,0,1340,0.000000,2672,2672,0.000000,true
glyph32:U+0042,glyph,production,4470,5000,ClassCap,true,2650,0,2650,0.000000,7970,7970,0.000000,true
glyph32:U+0043,glyph,production,5129,5000,ClassCap,true,2830,0,2830,0.000000,9459,9459,0.000000,true
glyph32:U+0044,glyph,production,2606,5000,ClassCap,true,1933,0,1933,0.000000,4506,4506,0.000000,true
glyph32:U+0045,glyph,production,247,5000,ClassCap,true,369,0,369,0.000000,335,335,0.000000,true
glyph32:U+0046,glyph,production,215,5000,ClassCap,true,330,0,330,0.000000,285,285,0.000000,true
glyph32:U+0047,glyph,production,4563,5000,ClassCap,true,2695,0,2695,0.000000,8262,8262,0.000000,true
glyph32:U+0048,glyph,production,247,5000,ClassCap,true,368,0,368,0.000000,314,314,0.000000,true
glyph32:U+0049,glyph,production,391,5000,ClassCap,true,565,1,564,0.001770,626,626,0.000000,true
glyph32:U+004A,glyph,production,2425,5000,ClassCap,true,1868,0,1868,0.000000,4339,4339,0.000000,true
glyph32:U+004B,glyph,production,617,5000,ClassCap,true,925,15,910,0.016216,1047,1047,0.000000,true
glyph32:U+004C,glyph,production,151,5000,ClassCap,true,421,0,421,0.000000,185,185,0.000000,true
glyph32:U+004D,glyph,production,2345,5000,ClassCap,true,1703,7,1696,0.004110,4133,4133,0.000000,true
glyph32:U+004E,glyph,production,1399,5000,ClassCap,true,1325,0,1325,0.000000,2457,2457,0.000000,true
glyph32:U+004F,glyph,production,5945,5000,ClassCap,true,3006,0,3006,0.000000,10769,10769,0.000000,true
glyph32:U+0050,glyph,production,2409,5000,ClassCap,true,1714,4,1710,0.002334,3990,3990,0.000000,true
glyph32:U+0051,glyph,production,6053,5000,ClassCap,true,3029,0,3029,0.000000,10749,10749,0.000000,true
glyph32:U+0052,glyph,production,2710,5000,ClassCap,true,2000,0,2000,0.000000,4725,4725,0.000000,true
glyph32:U+0053,glyph,production,7616,5000,ClassCap,true,3414,0,3414,0.000000,14066,14066,0.000000,true
glyph32:U+0054,glyph,production,183,5000,ClassCap,true,467,3,464,0.006424,227,227,0.000000,true
glyph32:U+0055,glyph,production,2899,5000,ClassCap,true,2079,0,2079,0.000000,5170,5170,0.000000,true
glyph32:U+0056,glyph,production,1573,5000,ClassCap,true,1319,0,1319,0.000000,2647,2647,0.000000,true
glyph32:U+0057,glyph,production,7232,5000,ClassCap,true,3271,0,3271,0.000000,13499,13499,0.000000,true
glyph32:U+0058,glyph,production,343,5000,ClassCap,true,628,1,627,0.001592,652,652,0.000000,true
glyph32:U+0059,glyph,production,263,5000,ClassCap,true,412,1,411,0.002427,437,437,0.000000,true
glyph32:U+005A,glyph,production,255,5000,ClassCap,true,458,0,458,0.000000,393,393,0.000000,true
glyph32:U+005B,glyph,production,183,5000,Quiesced,false,175,0,175,0.000000,234,234,0.000000,false
glyph32:U+005C,glyph,production,127,5000,Timeout,false,447,37,410,0.082774,166,147,-0.114458,false
glyph32:U+005D,glyph,production,183,5000,Quiesced,false,177,0,177,0.000000,244,244,0.000000,false
glyph32:U+005E,glyph,production,199,5000,ClassCap,true,420,0,420,0.000000,319,319,0.000000,true
glyph32:U+005F,glyph,production,119,5000,Timeout,false,321,0,321,0.000000,129,129,0.000000,false
glyph32:U+0060,glyph,production,1722,5000,ClassCap,true,1342,0,1342,0.000000,2827,2827,0.000000,true
glyph32:U+0061,glyph,production,5743,5000,ClassCap,true,3007,0,3007,0.000000,10612,10612,0.000000,true
glyph32:U+0062,glyph,production,5129,5000,ClassCap,true,2824,0,2824,0.000000,9434,9434,0.000000,true
glyph32:U+0063,glyph,production,4671,5000,ClassCap,true,2700,0,2700,0.000000,8419,8419,0.000000,true
glyph32:U+0064,glyph,production,5864,5000,ClassCap,true,3022,0,3022,0.000000,10763,10763,0.000000,true
glyph32:U+0065,glyph,production,4872,5000,ClassCap,true,2751,0,2751,0.000000,8766,8766,0.000000,true
glyph32:U+0066,glyph,production,2364,5000,ClassCap,true,1682,5,1677,0.002973,3955,3955,0.000000,true
glyph32:U+0067,glyph,production,7009,5000,ClassCap,true,3208,0,3208,0.000000,12799,12799,0.000000,true
glyph32:U+0068,glyph,production,2931,5000,ClassCap,true,2082,0,2082,0.000000,5045,5045,0.000000,true
glyph32:U+0069,glyph,production,2123,5000,ClassCap,true,1455,2,1453,0.001375,3510,3510,0.000000,true
glyph32:U+006A,glyph,production,4293,5000,ClassCap,true,2597,0,2597,0.000000,7523,7523,0.000000,true
glyph32:U+006B,glyph,production,1460,5000,ClassCap,true,1306,0,1306,0.000000,2517,2517,0.000000,true
glyph32:U+006C,glyph,production,323,5000,ClassCap,true,467,1,466,0.002141,522,522,0.000000,true
glyph32:U+006D,glyph,production,5289,5000,ClassCap,true,2856,0,2856,0.000000,9624,9624,0.000000,true
glyph32:U+006E,glyph,production,2264,5000,ClassCap,true,1631,8,1623,0.004905,3759,3759,0.000000,true
glyph32:U+006F,glyph,production,5716,5000,ClassCap,true,2947,0,2947,0.000000,10262,10262,0.000000,true
glyph32:U+0070,glyph,production,5406,5000,ClassCap,true,2901,0,2901,0.000000,9922,9922,0.000000,true
glyph32:U+0071,glyph,production,5046,5000,ClassCap,true,2802,0,2802,0.000000,9172,9172,0.000000,true
glyph32:U+0072,glyph,production,2456,5000,ClassCap,true,1804,5,1799,0.002772,4180,4180,0.000000,true
glyph32:U+0073,glyph,production,6929,5000,ClassCap,true,3201,0,3201,0.000000,12680,12680,0.000000,true
glyph32:U+0074,glyph,production,2421,5000,ClassCap,true,1796,3,1793,0.001670,4109,4109,0.000000,true
glyph32:U+0075,glyph,production,2493,5000,ClassCap,true,1809,2,1807,0.001106,4153,4153,0.000000,true
glyph32:U+0076,glyph,production,1115,5000,ClassCap,true,1182,9,1173,0.007614,1760,1760,0.000000,true
glyph32:U+0077,glyph,production,3663,5000,ClassCap,true,2492,1,2491,0.000401,6602,6602,0.000000,true
glyph32:U+0078,glyph,production,343,5000,ClassCap,true,620,1,619,0.001613,639,639,0.000000,true
glyph32:U+0079,glyph,production,3530,5000,ClassCap,true,2436,0,2436,0.000000,6403,6403,0.000000,true
glyph32:U+007A,glyph,production,255,5000,ClassCap,true,459,0,459,0.000000,393,393,0.000000,true
glyph32:U+007B,glyph,production,4598,5000,ClassCap,true,2694,0,2694,0.000000,8205,8205,0.000000,true
glyph32:U+007C,glyph,production,119,5000,Quiesced,false,111,0,111,0.000000,133,133,0.000000,false
glyph32:U+007D,glyph,production,4598,5000,ClassCap,true,2688,0,2688,0.000000,8215,8215,0.000000,true
glyph32:U+007E,glyph,production,5093,5000,ClassCap,true,2812,0,2812,0.000000,9370,9370,0.000000,true
psychedelic,psychedelic,production,102,5000,ClassCap,true,946,8,938,0.008457,766,766,0.000000,true
shader:cosine_palette,shader,production,40,2000,ClassCap,true,474,0,474,0.000000,296,296,0.000000,true
shader:domain_warp_fbm,shader,production,84,5000,ClassCap,true,1245,13,1232,0.010442,444,444,0.000000,true
shader:gyroid_slice,shader,production,44,2000,Quiesced,false,104,0,104,0.000000,938,938,0.000000,false
shader:julia_set,shader,production,122,5000,ClassCap,true,819,28,791,0.034188,716,716,0.000000,true
shader:kaleidoscope_fold,shader,production,46,2000,Quiesced,false,57,0,57,0.000000,554,554,0.000000,false
shader:mandelbrot_distance,shader,production,152,5000,ClassCap,true,415,0,415,0.000000,576,576,0.000000,true
shader:metaballs,shader,production,62,5000,ClassCap,true,286,0,286,0.000000,158,158,0.000000,true
shader:plasma,shader,production,41,2000,ClassCap,true,336,0,336,0.000000,363,363,0.000000,true
shader:smooth_min_scene,shader,production,43,2000,ClassCap,true,160,0,160,0.000000,136,136,0.000000,true
shader:smoothstep_vignette,shader,production,64,5000,Quiesced,false,82,3,79,0.036585,161,161,0.000000,false
shader:star_sdf,shader,production,66,5000,ClassCap,true,632,0,632,0.000000,169,169,0.000000,true
shader:torus_slice,shader,production,42,2000,ClassCap,true,166,0,166,0.000000,141,141,0.000000,true
synth_d3_s0,synthetic,production,19,2000,Quiesced,false,17,0,17,0.000000,163,163,0.000000,false
synth_d3_s1,synthetic,production,30,2000,Quiesced,false,18,0,18,0.000000,361,361,0.000000,false
synth_d3_s2,synthetic,production,14,2000,Quiesced,false,12,0,12,0.000000,318,318,0.000000,false
synth_d3_s3,synthetic,production,30,2000,Quiesced,false,22,0,22,0.000000,325,325,0.000000,false
synth_d3_s4,synthetic,production,24,2000,Quiesced,false,31,0,31,0.000000,188,188,0.000000,false
synth_d3_s5,synthetic,production,18,2000,Quiesced,false,18,0,18,0.000000,40,40,0.000000,false
synth_d3_s6,synthetic,production,42,2000,Quiesced,false,78,0,78,0.000000,240,240,0.000000,false
synth_d3_s7,synthetic,production,6,500,Quiesced,false,5,0,5,0.000000,219,219,0.000000,false
synth_d3_s8,synthetic,production,9,500,Quiesced,false,8,0,8,0.000000,98,98,0.000000,false
synth_d3_s9,synthetic,production,14,2000,Quiesced,false,12,0,12,0.000000,33,33,0.000000,false
synth_d3_s10,synthetic,production,20,2000,Quiesced,false,20,0,20,0.000000,90,90,0.000000,false
synth_d3_s11,synthetic,production,16,2000,Quiesced,false,22,0,22,0.000000,232,232,0.000000,false
synth_d3_s12,synthetic,production,13,2000,Quiesced,false,10,0,10,0.000000,149,149,0.000000,false
synth_d3_s13,synthetic,production,16,2000,Quiesced,false,12,0,12,0.000000,280,280,0.000000,false
synth_d3_s14,synthetic,production,26,2000,Quiesced,false,19,0,19,0.000000,235,235,0.000000,false
synth_d3_s15,synthetic,production,13,2000,Quiesced,false,10,0,10,0.000000,208,208,0.000000,false
synth_d3_s16,synthetic,production,21,2000,Quiesced,false,19,0,19,0.000000,153,153,0.000000,false
synth_d3_s17,synthetic,production,37,2000,Quiesced,false,26,0,26,0.000000,400,400,0.000000,false
synth_d3_s18,synthetic,production,16,2000,Quiesced,false,12,0,12,0.000000,343,343,0.000000,false
synth_d3_s19,synthetic,production,26,2000,Quiesced,false,18,1,17,0.055556,614,486,-0.208469,false
synth_d3_s20,synthetic,production,9,500,Quiesced,false,9,0,9,0.000000,176,176,0.000000,false
synth_d3_s21,synthetic,production,17,2000,Quiesced,false,16,0,16,0.000000,302,302,0.000000,false
synth_d3_s22,synthetic,production,8,500,Quiesced,false,6,0,6,0.000000,81,81,0.000000,false
synth_d3_s23,synthetic,production,35,2000,ClassCap,true,333,0,333,0.000000,132,132,0.000000,true
synth_d3_s24,synthetic,production,17,2000,Quiesced,false,17,0,17,0.000000,126,126,0.000000,false
synth_d3_s25,synthetic,production,7,500,Quiesced,false,5,0,5,0.000000,237,237,0.000000,false
synth_d3_s26,synthetic,production,10,500,Quiesced,false,7,0,7,0.000000,83,83,0.000000,false
synth_d3_s27,synthetic,production,35,2000,Quiesced,false,29,0,29,0.000000,455,455,0.000000,false
synth_d3_s28,synthetic,production,29,2000,Quiesced,false,29,0,29,0.000000,280,280,0.000000,false
synth_d3_s29,synthetic,production,26,2000,Quiesced,false,23,0,23,0.000000,360,360,0.000000,false
synth_d3_s30,synthetic,production,12,2000,Quiesced,false,11,0,11,0.000000,104,104,0.000000,false
synth_d3_s31,synthetic,production,30,2000,Quiesced,false,19,0,19,0.000000,122,122,0.000000,false
synth_d3_s32,synthetic,production,39,2000,Quiesced,false,33,0,33,0.000000,324,324,0.000000,false
synth_d3_s33,synthetic,production,21,2000,Quiesced,false,27,0,27,0.000000,33,33,0.000000,false
synth_d3_s34,synthetic,production,9,500,Quiesced,false,8,0,8,0.000000,25,25,0.000000,false
synth_d3_s35,synthetic,production,35,2000,Quiesced,false,26,0,26,0.000000,430,430,0.000000,false
synth_d3_s36,synthetic,production,28,2000,Quiesced,false,20,0,20,0.000000,446,446,0.000000,false
synth_d3_s37,synthetic,production,12,2000,Quiesced,false,9,0,9,0.000000,172,172,0.000000,false
synth_d3_s38,synthetic,production,14,2000,Quiesced,false,10,0,10,0.000000,99,99,0.000000,false
synth_d3_s39,synthetic,production,15,2000,Quiesced,false,13,0,13,0.000000,43,43,0.000000,false
synth_d5_s0,synthetic,production,22,2000,Quiesced,false,21,0,21,0.000000,603,603,0.000000,false
synth_d5_s1,synthetic,production,58,5000,Quiesced,false,105,0,105,0.000000,441,441,0.000000,false
synth_d5_s2,synthetic,production,50,2000,Quiesced,false,42,0,42,0.000000,532,532,0.000000,false
synth_d5_s3,synthetic,production,84,5000,Quiesced,false,177,0,177,0.000000,959,959,0.000000,false
synth_d5_s4,synthetic,production,63,5000,Quiesced,false,74,0,74,0.000000,388,388,0.000000,false
synth_d5_s5,synthetic,production,6,500,Quiesced,false,6,0,6,0.000000,242,242,0.000000,false
synth_d5_s6,synthetic,production,55,5000,Quiesced,false,40,0,40,0.000000,394,394,0.000000,false
synth_d5_s7,synthetic,production,51,5000,Quiesced,false,74,0,74,0.000000,906,906,0.000000,false
synth_d5_s8,synthetic,production,71,5000,Quiesced,false,81,0,81,0.000000,652,652,0.000000,false
synth_d5_s9,synthetic,production,52,5000,Quiesced,false,32,0,32,0.000000,631,631,0.000000,false
synth_d5_s10,synthetic,production,40,2000,Quiesced,false,46,0,46,0.000000,336,336,0.000000,false
synth_d5_s11,synthetic,production,81,5000,ClassCap,true,363,0,363,0.000000,851,851,0.000000,true
synth_d5_s12,synthetic,production,50,2000,Quiesced,false,78,0,78,0.000000,820,820,0.000000,false
synth_d5_s13,synthetic,production,21,2000,Quiesced,false,9,0,9,0.000000,133,133,0.000000,false
synth_d5_s14,synthetic,production,34,2000,Quiesced,false,25,0,25,0.000000,442,442,0.000000,false
synth_d5_s15,synthetic,production,114,5000,Quiesced,false,99,0,99,0.000000,1740,1740,0.000000,false
synth_d5_s16,synthetic,production,25,2000,Quiesced,false,19,0,19,0.000000,391,391,0.000000,false
synth_d5_s17,synthetic,production,43,2000,Quiesced,false,32,0,32,0.000000,443,443,0.000000,false
synth_d5_s18,synthetic,production,49,2000,Quiesced,false,40,0,40,0.000000,386,386,0.000000,false
synth_d5_s19,synthetic,production,22,2000,Quiesced,false,20,0,20,0.000000,211,211,0.000000,false
synth_d5_s20,synthetic,production,48,2000,Quiesced,false,50,0,50,0.000000,394,394,0.000000,false
synth_d5_s21,synthetic,production,42,2000,Quiesced,false,31,0,31,0.000000,679,679,0.000000,false
synth_d5_s22,synthetic,production,56,5000,Quiesced,false,47,0,47,0.000000,915,915,0.000000,false
synth_d5_s23,synthetic,production,63,5000,Quiesced,false,44,0,44,0.000000,759,759,0.000000,false
synth_d5_s24,synthetic,production,49,2000,Quiesced,false,61,0,61,0.000000,823,823,0.000000,false
synth_d5_s25,synthetic,production,22,2000,Quiesced,false,17,0,17,0.000000,237,237,0.000000,false
synth_d5_s26,synthetic,production,44,2000,Quiesced,false,40,0,40,0.000000,793,793,0.000000,false
synth_d5_s27,synthetic,production,27,2000,Quiesced,false,23,0,23,0.000000,356,356,0.000000,false
synth_d5_s28,synthetic,production,61,5000,Quiesced,false,48,0,48,0.000000,679,679,0.000000,false
synth_d5_s29,synthetic,production,69,5000,Quiesced,false,59,0,59,0.000000,1140,1140,0.000000,false
synth_d5_s30,synthetic,production,34,2000,Quiesced,false,27,0,27,0.000000,471,471,0.000000,false
synth_d5_s31,synthetic,production,56,5000,Quiesced,false,59,0,59,0.000000,588,588,0.000000,false
synth_d5_s32,synthetic,production,109,5000,Quiesced,false,97,0,97,0.000000,1153,1153,0.000000,false
synth_d5_s33,synthetic,production,42,2000,Quiesced,false,36,0,36,0.000000,420,420,0.000000,false
synth_d5_s34,synthetic,production,64,5000,Quiesced,false,67,0,67,0.000000,685,685,0.000000,false
synth_d5_s35,synthetic,production,74,5000,Quiesced,false,68,0,68,0.000000,889,889,0.000000,false
synth_d5_s36,synthetic,production,21,2000,Quiesced,false,16,0,16,0.000000,445,445,0.000000,false
synth_d5_s37,synthetic,production,74,5000,Quiesced,false,99,0,99,0.000000,1147,1147,0.000000,false
synth_d5_s38,synthetic,production,38,2000,Quiesced,false,29,0,29,0.000000,824,824,0.000000,false
synth_d5_s39,synthetic,production,28,2000,Quiesced,false,21,0,21,0.000000,591,591,0.000000,false
synth_d7_s0,synthetic,production,53,5000,Quiesced,false,51,0,51,0.000000,724,724,0.000000,false
synth_d7_s1,synthetic,production,166,5000,Quiesced,false,140,1,139,0.007143,2583,2514,-0.026713,false
synth_d7_s2,synthetic,production,6,500,Quiesced,false,6,0,6,0.000000,94,94,0.000000,false
synth_d7_s3,synthetic,production,186,5000,Quiesced,false,186,0,186,0.000000,2198,2198,0.000000,false
synth_d7_s4,synthetic,production,98,5000,Quiesced,false,111,0,111,0.000000,1419,1419,0.000000,false
synth_d7_s5,synthetic,production,54,5000,Quiesced,false,66,0,66,0.000000,652,652,0.000000,false
synth_d7_s6,synthetic,production,95,5000,Quiesced,false,99,0,99,0.000000,1454,1454,0.000000,false
synth_d7_s7,synthetic,production,85,5000,Quiesced,false,138,0,138,0.000000,802,802,0.000000,false
synth_d7_s8,synthetic,production,122,5000,ClassCap,true,422,0,422,0.000000,1387,1387,0.000000,true
synth_d7_s9,synthetic,production,14,2000,Quiesced,false,10,0,10,0.000000,147,147,0.000000,false
synth_d7_s10,synthetic,production,58,5000,Quiesced,false,43,0,43,0.000000,413,413,0.000000,false
synth_d7_s11,synthetic,production,73,5000,ClassCap,true,483,0,483,0.000000,970,970,0.000000,true
synth_d7_s12,synthetic,production,93,5000,ClassCap,true,340,0,340,0.000000,1112,1112,0.000000,true
synth_d7_s13,synthetic,production,217,5000,ClassCap,true,878,7,871,0.007973,2386,2386,0.000000,true
synth_d7_s14,synthetic,production,72,5000,ClassCap,true,414,1,413,0.002415,680,680,0.000000,true
synth_d7_s15,synthetic,production,56,5000,Quiesced,false,45,0,45,0.000000,709,709,0.000000,false
synth_d7_s16,synthetic,production,36,2000,Quiesced,false,26,0,26,0.000000,249,249,0.000000,false
synth_d7_s17,synthetic,production,137,5000,ClassCap,true,319,0,319,0.000000,1803,1803,0.000000,true
synth_d7_s18,synthetic,production,203,5000,Quiesced,false,436,1,435,0.002294,2943,2809,-0.045532,false
synth_d7_s19,synthetic,production,105,5000,ClassCap,true,327,0,327,0.000000,1931,1931,0.000000,true
synth_d7_s20,synthetic,production,106,5000,Quiesced,false,103,0,103,0.000000,1440,1440,0.000000,false
synth_d7_s21,synthetic,production,81,5000,Quiesced,false,59,0,59,0.000000,612,612,0.000000,false
synth_d7_s22,synthetic,production,45,2000,Quiesced,false,55,0,55,0.000000,608,608,0.000000,false
synth_d7_s23,synthetic,production,122,5000,ClassCap,true,492,0,492,0.000000,2351,2351,0.000000,true
synth_d7_s24,synthetic,production,62,5000,Quiesced,false,48,0,48,0.000000,674,674,0.000000,false
synth_d7_s25,synthetic,production,14,2000,Quiesced,false,14,0,14,0.000000,123,123,0.000000,false
synth_d7_s26,synthetic,production,123,5000,ClassCap,true,994,0,994,0.000000,1786,1786,0.000000,true
synth_d7_s27,synthetic,production,55,5000,Quiesced,false,42,0,42,0.000000,762,762,0.000000,false
synth_d7_s28,synthetic,production,146,5000,ClassCap,true,410,1,409,0.002439,2311,2311,0.000000,true
synth_d7_s29,synthetic,production,99,5000,Quiesced,false,113,0,113,0.000000,1438,1438,0.000000,false
synth_d7_s30,synthetic,production,83,5000,Quiesced,false,70,0,70,0.000000,1351,1351,0.000000,false
synth_d7_s31,synthetic,production,135,5000,ClassCap,true,740,0,740,0.000000,1582,1582,0.000000,true
synth_d7_s32,synthetic,production,144,5000,Quiesced,false,136,0,136,0.000000,2026,2026,0.000000,false
synth_d7_s33,synthetic,production,46,2000,Quiesced,false,40,0,40,0.000000,512,512,0.000000,false
synth_d7_s34,synthetic,production,37,2000,Quiesced,false,34,0,34,0.000000,503,503,0.000000,false
synth_d7_s35,synthetic,production,139,5000,Quiesced,false,186,0,186,0.000000,1832,1832,0.000000,false
synth_d7_s36,synthetic,production,72,5000,Quiesced,false,75,0,75,0.000000,729,729,0.000000,false
synth_d7_s37,synthetic,production,143,5000,Quiesced,false,108,0,108,0.000000,2441,2441,0.000000,false
synth_d7_s38,synthetic,production,132,5000,Quiesced,false,137,1,136,0.007299,1410,1395,-0.010638,false
synth_d7_s39,synthetic,production,43,2000,Quiesced,false,55,0,55,0.000000,659,659,0.000000,false
synth_d9_s0,synthetic,production,318,5000,ClassCap,true,867,1,866,0.001153,4257,4257,0.000000,true
synth_d9_s1,synthetic,production,83,5000,Quiesced,false,67,0,67,0.000000,1235,1235,0.000000,false
synth_d9_s2,synthetic,production,84,5000,Quiesced,false,69,0,69,0.000000,1055,1055,0.000000,false
synth_d9_s3,synthetic,production,300,5000,Quiesced,false,361,0,361,0.000000,4198,4198,0.000000,false
synth_d9_s4,synthetic,production,47,2000,Quiesced,false,35,0,35,0.000000,668,668,0.000000,false
synth_d9_s5,synthetic,production,213,5000,Quiesced,false,169,0,169,0.000000,3551,3551,0.000000,false
synth_d9_s6,synthetic,production,156,5000,Quiesced,false,121,0,121,0.000000,2039,2039,0.000000,false
synth_d9_s7,synthetic,production,24,2000,Quiesced,false,19,0,19,0.000000,459,459,0.000000,false
synth_d9_s8,synthetic,production,188,5000,ClassCap,true,1088,0,1088,0.000000,1946,1946,0.000000,true
synth_d9_s9,synthetic,production,41,2000,Quiesced,false,38,0,38,0.000000,253,253,0.000000,false
synth_d9_s10,synthetic,production,184,5000,Quiesced,false,202,0,202,0.000000,2381,2381,0.000000,false
synth_d9_s11,synthetic,production,38,2000,Quiesced,false,28,0,28,0.000000,317,317,0.000000,false
synth_d9_s12,synthetic,production,104,5000,Quiesced,false,91,1,90,0.010989,1577,1577,0.000000,false
synth_d9_s13,synthetic,production,297,5000,ClassCap,true,723,0,723,0.000000,4618,4618,0.000000,true
synth_d9_s14,synthetic,production,69,5000,Quiesced,false,50,0,50,0.000000,1053,1053,0.000000,false
synth_d9_s15,synthetic,production,151,5000,Quiesced,false,135,5,130,0.037037,1954,1954,0.000000,false
synth_d9_s16,synthetic,production,111,5000,Quiesced,false,103,0,103,0.000000,1304,1304,0.000000,false
synth_d9_s17,synthetic,production,15,2000,Quiesced,false,9,0,9,0.000000,162,162,0.000000,false
synth_d9_s18,synthetic,production,15,2000,Quiesced,false,10,0,10,0.000000,282,282,0.000000,false
synth_d9_s19,synthetic,production,109,5000,Quiesced,false,123,0,123,0.000000,1928,1928,0.000000,false
synth_d9_s20,synthetic,production,147,5000,Quiesced,false,113,0,113,0.000000,2004,2004,0.000000,false
synth_d9_s21,synthetic,production,106,5000,Quiesced,false,79,0,79,0.000000,1718,1718,0.000000,false
synth_d9_s22,synthetic,production,101,5000,Quiesced,false,103,0,103,0.000000,1133,1133,0.000000,false
synth_d9_s23,synthetic,production,51,5000,Quiesced,false,34,0,34,0.000000,442,442,0.000000,false
synth_d9_s24,synthetic,production,206,5000,ClassCap,true,489,0,489,0.000000,3157,3157,0.000000,true
synth_d9_s25,synthetic,production,764,5000,ClassCap,true,1091,4,1087,0.003666,10496,10300,-0.018674,true
synth_d9_s26,synthetic,production,73,5000,Quiesced,false,84,0,84,0.000000,1010,1010,0.000000,false
synth_d9_s27,synthetic,production,113,5000,Quiesced,false,103,0,103,0.000000,1158,1158,0.000000,false
synth_d9_s28,synthetic,production,15,2000,Quiesced,false,10,0,10,0.000000,96,96,0.000000,false
synth_d9_s29,synthetic,production,371,5000,ClassCap,true,1088,22,1066,0.020221,4999,4866,-0.026605,true
synth_d9_s30,synthetic,production,111,5000,Quiesced,false,90,0,90,0.000000,1957,1957,0.000000,false
synth_d9_s31,synthetic,production,120,5000,Quiesced,false,88,0,88,0.000000,1575,1575,0.000000,false
synth_d9_s32,synthetic,production,318,5000,ClassCap,true,818,4,814,0.004890,4175,4175,0.000000,true
synth_d9_s33,synthetic,production,77,5000,Quiesced,false,56,0,56,0.000000,1434,1434,0.000000,false
synth_d9_s34,synthetic,production,103,5000,Quiesced,false,114,0,114,0.000000,1521,1521,0.000000,false
synth_d9_s35,synthetic,production,267,5000,Quiesced,false,292,0,292,0.000000,3098,3098,0.000000,false
synth_d9_s36,synthetic,production,156,5000,Quiesced,false,219,0,219,0.000000,1142,1142,0.000000,false
synth_d9_s37,synthetic,production,176,5000,Quiesced,false,181,0,181,0.000000,2419,2419,0.000000,false
synth_d9_s38,synthetic,production,104,5000,Quiesced,false,78,0,78,0.000000,1622,1622,0.000000,false
synth_d9_s39,synthetic,production,179,5000,Quiesced,false,135,0,135,0.000000,2296,2296,0.000000,false
synth_d11_s0,synthetic,production,279,5000,Quiesced,false,234,0,234,0.000000,4028,4028,0.000000,false
synth_d11_s1,synthetic,production,206,5000,ClassCap,true,660,0,660,0.000000,2962,2962,0.000000,true
synth_d11_s2,synthetic,production,19,2000,Quiesced,false,12,0,12,0.000000,147,147,0.000000,false
synth_d11_s3,synthetic,production,835,5000,ClassCap,true,1217,23,1194,0.018899,11719,11438,-0.023978,true
synth_d11_s4,synthetic,production,89,5000,Quiesced,false,89,0,89,0.000000,1665,1665,0.000000,false
synth_d11_s5,synthetic,production,456,5000,ClassCap,true,973,1,972,0.001028,6816,6816,0.000000,true
synth_d11_s6,synthetic,production,95,5000,Quiesced,false,75,0,75,0.000000,1754,1754,0.000000,false
synth_d11_s7,synthetic,production,454,5000,ClassCap,true,624,2,622,0.003205,7254,7239,-0.002068,true
synth_d11_s8,synthetic,production,372,5000,ClassCap,true,817,5,812,0.006120,4916,4916,0.000000,true
synth_d11_s9,synthetic,production,21,2000,Quiesced,false,18,0,18,0.000000,372,372,0.000000,false
synth_d11_s10,synthetic,production,22,2000,Quiesced,false,20,0,20,0.000000,345,345,0.000000,false
synth_d11_s11,synthetic,production,89,5000,Quiesced,false,72,1,71,0.013889,1338,1338,0.000000,false
synth_d11_s12,synthetic,production,329,5000,ClassCap,true,483,1,482,0.002070,5020,4892,-0.025498,true
synth_d11_s13,synthetic,production,25,2000,Quiesced,false,25,0,25,0.000000,195,195,0.000000,false
synth_d11_s14,synthetic,production,636,5000,ClassCap,true,1219,20,1199,0.016407,7675,7541,-0.017459,true
synth_d11_s15,synthetic,production,181,5000,ClassCap,true,749,1,748,0.001335,2975,2975,0.000000,true
synth_d11_s16,synthetic,production,135,5000,ClassCap,true,743,0,743,0.000000,1729,1729,0.000000,true
synth_d11_s17,synthetic,production,142,5000,Quiesced,false,122,0,122,0.000000,2177,2177,0.000000,false
synth_d11_s18,synthetic,production,221,5000,ClassCap,true,363,0,363,0.000000,2144,2144,0.000000,true
synth_d11_s19,synthetic,production,202,5000,Quiesced,false,191,0,191,0.000000,2353,2353,0.000000,false
synth_d11_s20,synthetic,production,252,5000,ClassCap,true,1173,19,1154,0.016198,3283,3283,0.000000,true
synth_d11_s21,synthetic,production,80,5000,Quiesced,false,52,0,52,0.000000,905,905,0.000000,false
synth_d11_s22,synthetic,production,366,5000,Quiesced,false,472,1,471,0.002119,5564,5564,0.000000,false
synth_d11_s23,synthetic,production,221,5000,ClassCap,true,976,2,974,0.002049,2569,2569,0.000000,true
synth_d11_s24,synthetic,production,495,5000,ClassCap,true,958,35,923,0.036534,7514,7499,-0.001996,true
synth_d11_s25,synthetic,production,86,5000,Quiesced,false,64,0,64,0.000000,1074,1074,0.000000,false
synth_d11_s26,synthetic,production,285,5000,Quiesced,false,299,0,299,0.000000,3607,3607,0.000000,false
synth_d11_s27,synthetic,production,289,5000,ClassCap,true,420,1,419,0.002381,4665,4665,0.000000,true
synth_d11_s28,synthetic,production,114,5000,Quiesced,false,84,0,84,0.000000,1419,1419,0.000000,false
synth_d11_s29,synthetic,production,808,5000,ClassCap,true,952,2,950,0.002101,10296,10280,-0.001554,true
synth_d11_s30,synthetic,production,23,2000,Quiesced,false,25,0,25,0.000000,201,201,0.000000,false
synth_d11_s31,synthetic,production,279,5000,ClassCap,true,924,30,894,0.032468,3763,3763,0.000000,true
synth_d11_s32,synthetic,production,414,5000,ClassCap,true,629,0,629,0.000000,5595,5595,0.000000,true
synth_d11_s33,synthetic,production,194,5000,Quiesced,false,216,1,215,0.004630,2827,2705,-0.043155,false
synth_d11_s34,synthetic,production,265,5000,ClassCap,true,654,1,653,0.001529,3781,3781,0.000000,true
synth_d11_s35,synthetic,production,238,5000,Quiesced,false,184,0,184,0.000000,2921,2921,0.000000,false
synth_d11_s36,synthetic,production,24,2000,Quiesced,false,15,0,15,0.000000,303,303,0.000000,false
synth_d11_s37,synthetic,production,216,5000,ClassCap,true,864,22,842,0.025463,3496,3496,0.000000,true
synth_d11_s38,synthetic,production,230,5000,Quiesced,false,260,1,259,0.003846,3418,3296,-0.035693,false
synth_d11_s39,synthetic,production,475,5000,ClassCap,true,813,8,805,0.009840,6791,6522,-0.039611,true
cellgrid:80x24_d1 [production],cellgrid,production,623,5000,ClassCap,true,1260,7,1253,0.005556,427,427,0.000000,true
cellgrid:80x24_d1 [numeric-first],cellgrid,numeric-first,623,5000,ClassCap,true,1083,3,1080,0.002770,427,427,0.000000,true
shader:cosine_palette [production],shader,production,40,2000,ClassCap,true,474,0,474,0.000000,296,296,0.000000,true
shader:cosine_palette [numeric-first],shader,numeric-first,40,2000,ClassCap,true,434,1,433,0.002304,296,296,0.000000,true
psychedelic [production],psychedelic,production,102,5000,ClassCap,true,946,8,938,0.008457,766,766,0.000000,true
psychedelic [numeric-first],psychedelic,numeric-first,102,5000,ClassCap,true,1267,43,1224,0.033938,800,800,0.000000,true
glyph16:U+0041 [production],glyph,production,1605,5000,ClassCap,true,1340,0,1340,0.000000,2672,2672,0.000000,true
glyph16:U+0041 [numeric-first],glyph,numeric-first,1605,5000,ClassCap,true,1511,116,1395,0.076770,2642,2642,0.000000,true
