family,b_label,arm,rho,model,n,dag_median,dag_p10,dag_p90,bytes_median,bytes_p10,bytes_p90,guarded_sum_arm,guarded_sum_identity,applications_median,classes_median,iterations_median,keep_rate,macs_sum,filter_ms_sum,wall_ms_sum,identity_wall_ms_sum,set
bench,B,bilinear,0.25,all,3,0.9724,0.9588,1.0126,1.0280,0.9636,1.0495,8671,2769,2107.0,4602.0,1.0,0.7266,57392800,3.5,35.3,116.5,dev
bench,B,bilinear,0.25,heldout,3,0.9904,0.5735,1.0016,1.0013,0.7364,1.0083,2742,2769,3120.0,4976.0,1.0,0.3957,159236416,15.0,82.1,116.5,dev
bench,B,bilinear,0.5,all,3,1.0063,1.0000,1.1564,1.0104,1.0000,1.2273,2781,2769,2613.0,4988.0,1.0,0.5369,128388128,14.7,74.5,116.5,dev
bench,B,bilinear,0.5,heldout,3,0.9978,0.9415,1.0010,1.0007,0.9938,1.1273,2814,2769,3137.0,4972.0,1.0,0.6228,137498848,14.1,63.2,116.5,dev
bench,B,identity,0,-,3,1.0000,1.0000,1.0000,1.0000,1.0000,1.0000,2769,2769,3153.0,4991.0,1.0,1.0000,0,0.0,116.5,116.5,dev
bench,B,per_rule,0.25,heldout,3,0.9338,0.7425,0.9724,0.9273,0.8696,1.0495,8634,2769,1977.0,2972.0,2.0,0.6303,0,0.0,33.4,116.5,dev
bench,B,per_rule,0.5,heldout,3,0.8341,0.6414,0.9462,0.9455,0.8644,1.0475,8119,2769,2225.0,3376.0,2.0,0.7173,0,0.0,34.3,116.5,dev
bench,B,uniform,0.25,-,3,0.9696,0.9398,1.0221,1.0421,0.9793,1.0455,8613,2769,1081.0,3862.0,3.0,0.2468,0,0.0,46.6,116.5,dev
bench,B,uniform,0.5,-,3,0.9037,0.8799,0.9717,1.0482,0.9803,1.0636,8404,2769,2028.0,4080.0,1.0,0.4938,0,0.0,149.1,116.5,dev
bench,B,uniform_matched,0.25,all,3,1.0020,0.9128,1.0063,0.9658,0.9636,0.9946,2862,2769,2179.0,4661.0,1.0,0.7286,0,0.0,33.4,116.5,dev
bench,B,uniform_matched,0.25,heldout,3,1.0017,0.9953,1.0537,1.0020,0.9762,1.0727,2868,2769,2225.0,4983.0,1.0,0.9196,0,0.0,34.1,116.5,dev
bench,B,uniform_matched,0.5,all,3,1.0049,0.9565,1.0442,1.0060,0.9917,1.1273,2844,2769,2923.0,4942.0,1.0,0.4972,0,0.0,268.9,116.5,dev
bench,B,uniform_matched,0.5,heldout,3,0.9960,0.7725,1.0003,0.9979,0.8909,1.0000,2772,2769,3139.0,4990.0,1.0,0.6076,0,0.0,181.5,116.5,dev
bench,B/2,bilinear,0.25,all,3,1.0000,0.9738,1.0976,1.0642,1.0000,1.0928,8836,6738,1112.0,3744.0,1.0,0.9211,30397088,1.9,12.6,20.7,dev
bench,B/2,bilinear,0.25,heldout,3,1.0000,0.6216,1.0000,1.0000,0.8351,1.0000,6738,6738,1564.0,3611.0,1.0,0.3228,134072096,13.5,66.5,20.7,dev
bench,B/2,bilinear,0.5,all,3,1.0000,1.0000,1.2534,1.0000,1.0000,1.3918,6792,6738,1576.0,3642.0,1.0,0.4864,102881344,12.4,46.8,20.7,dev
bench,B/2,bilinear,0.5,heldout,3,1.0000,0.9812,1.0000,1.0000,1.0000,1.1237,6765,6738,1576.0,3642.0,1.0,0.6515,78580608,7.9,32.3,20.7,dev
bench,B/2,identity,0,-,3,1.0000,1.0000,1.0000,1.0000,1.0000,1.0000,6738,6738,1576.0,3642.0,1.0,1.0000,0,0.0,20.7,20.7,dev
bench,B/2,per_rule,0.25,heldout,3,0.9738,0.8048,1.0000,1.0515,1.0000,1.0642,8836,6738,1112.0,2922.0,1.0,0.6060,0,0.0,18.7,20.7,dev
bench,B/2,per_rule,0.5,heldout,3,0.9196,0.6952,1.0000,1.0587,1.0000,1.0722,8653,6738,1112.0,3148.0,1.0,0.6908,0,0.0,19.6,20.7,dev
bench,B/2,uniform,0.25,-,3,0.9964,0.9713,1.1079,1.0676,0.9975,1.1856,8858,6738,774.0,2780.0,2.0,0.2475,0,0.0,24.1,20.7,dev
bench,B/2,uniform,0.5,-,3,0.9924,0.9247,0.9948,1.0775,0.9893,1.1959,8748,6738,1463.0,3520.0,1.0,0.4863,0,0.0,31.9,20.7,dev
bench,B/2,uniform_matched,0.25,all,3,1.0000,0.9978,1.0908,1.0011,1.0000,1.0928,6852,6738,1112.0,3643.0,1.0,0.9251,0,0.0,10.3,20.7,dev
bench,B/2,uniform_matched,0.25,heldout,3,1.0000,0.9992,1.1421,1.0000,1.0000,1.2165,6858,6738,1112.0,3662.0,1.0,0.8937,0,0.0,11.2,20.7,dev
bench,B/2,uniform_matched,0.5,all,3,1.0000,1.0000,1.0890,1.0000,1.0000,1.2268,6788,6738,1576.0,3642.0,1.0,0.5117,0,0.0,44.2,20.7,dev
bench,B/2,uniform_matched,0.5,heldout,3,1.0000,1.0000,1.0805,1.0000,1.0000,1.3093,6789,6738,1576.0,3642.0,1.0,0.6485,0,0.0,26.5,20.7,dev
bench,B/4,bilinear,0.25,all,3,1.0000,1.0000,1.1167,1.0000,0.9725,1.0000,8972,8883,556.0,2549.0,1.0,0.9000,15819680,0.9,8.2,10.4,dev
bench,B/4,bilinear,0.25,heldout,3,1.0000,0.8833,1.0000,1.0000,0.8440,1.0000,8856,8883,788.0,2549.0,1.0,0.5472,41977024,3.6,17.1,10.4,dev
bench,B/4,bilinear,0.5,all,3,1.0000,1.0000,1.1324,1.0000,1.0000,1.1101,8908,8883,788.0,2549.0,1.0,0.6095,40476096,3.6,16.5,10.4,dev
bench,B/4,bilinear,0.5,heldout,3,1.0000,0.9843,1.0000,1.0000,0.9174,1.0000,8859,8883,788.0,2549.0,1.0,0.7474,35930176,3.2,16.9,10.4,dev
bench,B/4,identity,0,-,3,1.0000,1.0000,1.0000,1.0000,1.0000,1.0000,8883,8883,788.0,2549.0,1.0,1.0000,0,0.0,10.4,10.4,dev
bench,B/4,per_rule,0.25,heldout,3,1.0000,0.8188,1.0000,1.0000,0.9358,1.0000,8972,8883,595.0,2549.0,1.0,0.8948,0,0.0,10.1,10.4,dev
bench,B/4,per_rule,0.5,heldout,3,1.0000,0.7073,1.0000,1.0000,0.9541,1.0000,8948,8883,721.0,2549.0,1.0,0.9256,0,0.0,10.9,10.4,dev
bench,B/4,uniform,0.25,-,3,1.0117,0.9916,1.1272,1.0013,0.9938,1.0550,9114,8883,212.0,2501.0,1.0,0.2376,0,0.0,17.7,10.4,dev
bench,B/4,uniform,0.5,-,3,0.9893,0.9111,1.0087,0.9944,0.9928,1.0367,8935,8883,544.0,2245.0,1.0,0.4739,0,0.0,17.6,10.4,dev
bench,B/4,uniform_matched,0.25,all,3,1.0000,1.0000,1.1098,1.0000,0.9725,1.0000,8970,8883,556.0,2549.0,1.0,0.8983,0,0.0,7.2,10.4,dev
bench,B/4,uniform_matched,0.25,heldout,3,1.0000,1.0000,1.1063,1.0000,0.9817,1.0000,8876,8883,788.0,2549.0,1.0,0.5266,0,0.0,16.6,10.4,dev
bench,B/4,uniform_matched,0.5,all,3,1.0000,1.0000,1.0871,1.0000,1.0000,1.2110,8965,8883,788.0,2549.0,1.0,0.5736,0,0.0,16.8,10.4,dev
bench,B/4,uniform_matched,0.5,heldout,3,1.0000,1.0000,1.0941,1.0000,0.9725,1.0000,8877,8883,788.0,2549.0,1.0,0.7463,0,0.0,19.9,10.4,dev
bench,B/8,bilinear,0.25,all,3,1.0000,1.0000,1.1848,1.0000,0.9725,1.0000,9006,8918,278.0,2199.0,1.0,0.8188,8699264,0.8,18.2,8.7,dev
bench,B/8,bilinear,0.25,heldout,3,1.0000,0.9704,1.0000,1.0000,0.8624,1.0000,8890,8918,394.0,2199.0,1.0,0.6420,20162848,1.6,12.4,8.7,dev
bench,B/8,bilinear,0.5,all,3,1.0000,1.0000,1.1922,1.0000,1.0000,1.1284,8944,8918,394.0,2199.0,1.0,0.7277,19349376,1.4,12.3,8.7,dev
bench,B/8,bilinear,0.5,heldout,3,1.0000,1.0000,1.0074,1.0000,0.8991,1.0000,8890,8918,394.0,2199.0,1.0,0.8031,18289216,1.5,10.5,8.7,dev
bench,B/8,identity,0,-,3,1.0000,1.0000,1.0000,1.0000,1.0000,1.0000,8918,8918,394.0,2199.0,1.0,1.0000,0,0.0,8.7,8.7,dev
bench,B/8,per_rule,0.25,heldout,3,1.0000,0.8688,1.0000,1.0000,0.9358,1.0000,9006,8918,394.0,2199.0,1.0,0.8475,0,0.0,9.5,8.7,dev
bench,B/8,per_rule,0.5,heldout,3,1.0000,0.7505,1.0000,1.0000,0.9541,1.0000,8982,8918,394.0,2199.0,1.0,0.8935,0,0.0,10.1,8.7,dev
bench,B/8,uniform,0.25,-,3,1.0131,1.0117,1.1959,1.0013,0.9918,1.0550,9238,8918,123.0,1855.0,1.0,0.2377,0,0.0,9.9,8.7,dev
bench,B/8,uniform,0.5,-,3,1.0087,1.0055,1.0259,0.9980,0.9944,1.0826,9030,8918,225.0,1987.0,1.0,0.4819,0,0.0,11.7,8.7,dev
bench,B/8,uniform_matched,0.25,all,3,1.0000,1.0000,1.1774,1.0000,0.9725,1.0000,9004,8918,278.0,2199.0,1.0,0.8163,0,0.0,6.9,8.7,dev
bench,B/8,uniform_matched,0.25,heldout,3,1.0000,1.0000,1.1331,1.0000,1.0000,1.1560,8942,8918,394.0,2199.0,1.0,0.6358,0,0.0,11.3,8.7,dev
bench,B/8,uniform_matched,0.5,all,3,1.0000,1.0000,1.1146,1.0000,1.0000,1.0550,8937,8918,394.0,2199.0,1.0,0.6915,0,0.0,10.4,8.7,dev
bench,B/8,uniform_matched,0.5,heldout,3,1.0000,1.0000,1.0628,1.0000,1.0000,1.0459,8926,8918,394.0,2199.0,1.0,0.8167,0,0.0,10.4,8.7,dev
bench_wide,B,bilinear,0.25,all,1,0.9588,0.9588,0.9588,1.0280,1.0280,1.0280,3091,1012,2235.0,4602.0,1.0,0.6166,32911904,2.0,16.9,15.4,dev
bench_wide,B,bilinear,0.25,heldout,1,0.9904,0.9904,0.9904,1.0083,1.0083,1.0083,1012,1012,3120.0,4981.0,1.0,0.9588,30102016,1.9,17.3,15.4,dev
bench_wide,B,bilinear,0.5,all,1,1.0063,1.0063,1.0063,1.0104,1.0104,1.0104,997,1012,2613.0,4988.0,1.0,0.8209,29729728,1.8,17.2,15.4,dev
bench_wide,B,bilinear,0.5,heldout,1,0.9978,0.9978,0.9978,0.9938,0.9938,0.9938,1015,1012,3137.0,4988.0,1.0,0.9862,29490400,1.9,17.7,15.4,dev
bench_wide,B,identity,0,-,1,1.0000,1.0000,1.0000,1.0000,1.0000,1.0000,1012,1012,3153.0,4991.0,1.0,1.0000,0,0.0,15.4,15.4,dev
bench_wide,B,per_rule,0.25,heldout,1,0.9338,0.9338,0.9338,0.8696,0.8696,0.8696,3054,1012,3153.0,2972.0,2.0,0.6114,0,0.0,13.4,15.4,dev
bench_wide,B,per_rule,0.5,heldout,1,0.8341,0.8341,0.8341,0.8644,0.8644,0.8644,2682,1012,3153.0,3376.0,2.0,0.6986,0,0.0,13.3,15.4,dev
bench_wide,B,uniform,0.25,-,1,0.9398,0.9398,0.9398,0.9793,0.9793,0.9793,2958,1012,2273.0,3862.0,3.0,0.2481,0,0.0,25.0,15.4,dev
bench_wide,B,uniform,0.5,-,1,0.9037,0.9037,0.9037,0.9803,0.9803,0.9803,2882,1012,2028.0,4080.0,1.0,0.5087,0,0.0,14.2,15.4,dev
bench_wide,B,uniform_matched,0.25,all,1,0.9128,0.9128,0.9128,0.9658,0.9658,0.9658,1016,1012,2598.0,4661.0,1.0,0.6300,0,0.0,15.6,15.4,dev
bench_wide,B,uniform_matched,0.25,heldout,1,0.9953,0.9953,0.9953,0.9762,0.9762,0.9762,1018,1012,3099.0,4983.0,1.0,0.9538,0,0.0,16.2,15.4,dev
bench_wide,B,uniform_matched,0.5,all,1,0.9565,0.9565,0.9565,0.9917,0.9917,0.9917,1072,1012,2923.0,4942.0,1.0,0.8278,0,0.0,16.0,15.4,dev
bench_wide,B,uniform_matched,0.5,heldout,1,0.9960,0.9960,0.9960,0.9979,0.9979,0.9979,1024,1012,3139.0,4990.0,1.0,0.9849,0,0.0,15.8,15.4,dev
bench_wide,B/2,bilinear,0.25,all,1,0.9738,0.9738,0.9738,1.0642,1.0642,1.0642,3054,1072,1555.0,3744.0,1.0,0.9517,17033568,1.0,5.7,4.7,dev
bench_wide,B/2,bilinear,0.25,heldout,1,1.0000,1.0000,1.0000,1.0000,1.0000,1.0000,1072,1072,1564.0,3611.0,1.0,0.9924,16345184,1.0,5.8,4.7,dev
bench_wide,B/2,bilinear,0.5,all,1,1.0000,1.0000,1.0000,1.0000,1.0000,1.0000,1072,1072,1576.0,3642.0,1.0,1.0000,16345184,1.0,5.6,4.7,dev
bench_wide,B/2,bilinear,0.5,heldout,1,1.0000,1.0000,1.0000,1.0000,1.0000,1.0000,1072,1072,1576.0,3642.0,1.0,1.0000,16345184,1.0,5.7,4.7,dev
bench_wide,B/2,identity,0,-,1,1.0000,1.0000,1.0000,1.0000,1.0000,1.0000,1072,1072,1576.0,3642.0,1.0,1.0000,0,0.0,4.7,4.7,dev
bench_wide,B/2,per_rule,0.25,heldout,1,0.9738,0.9738,0.9738,1.0642,1.0642,1.0642,3054,1072,1245.0,2922.0,1.0,0.4240,0,0.0,10.7,4.7,dev
bench_wide,B/2,per_rule,0.5,heldout,1,0.9196,0.9196,0.9196,1.0587,1.0587,1.0587,2895,1072,1576.0,3148.0,1.0,0.5368,0,0.0,10.8,4.7,dev
bench_wide,B/2,uniform,0.25,-,1,0.9713,0.9713,0.9713,1.0676,1.0676,1.0676,3025,1072,1034.0,2780.0,2.0,0.2491,0,0.0,12.2,4.7,dev
bench_wide,B/2,uniform,0.5,-,1,0.9924,0.9924,0.9924,1.0775,1.0775,1.0775,3030,1072,1463.0,3522.0,1.0,0.5076,0,0.0,6.3,4.7,dev
bench_wide,B/2,uniform_matched,0.25,all,1,0.9978,0.9978,0.9978,1.0011,1.0011,1.0011,1072,1072,1574.0,3643.0,1.0,0.9603,0,0.0,4.9,4.7,dev
bench_wide,B/2,uniform_matched,0.25,heldout,1,0.9992,0.9992,0.9992,1.0000,1.0000,1.0000,1072,1072,1573.0,3662.0,1.0,0.9893,0,0.0,4.9,4.7,dev
bench_wide,B/2,uniform_matched,0.5,all,1,1.0000,1.0000,1.0000,1.0000,1.0000,1.0000,1072,1072,1576.0,3642.0,1.0,1.0000,0,0.0,4.7,4.7,dev
bench_wide,B/2,uniform_matched,0.5,heldout,1,1.0000,1.0000,1.0000,1.0000,1.0000,1.0000,1072,1072,1576.0,3642.0,1.0,1.0000,0,0.0,4.6,4.7,dev
bench_wide,B/4,bilinear,0.25,all,1,1.0000,1.0000,1.0000,1.0000,1.0000,1.0000,3160,3160,788.0,2549.0,1.0,1.0000,8347296,0.5,3.1,2.6,dev
bench_wide,B/4,bilinear,0.25,heldout,1,1.0000,1.0000,1.0000,1.0000,1.0000,1.0000,3160,3160,788.0,2549.0,1.0,1.0000,8347296,0.5,3.1,2.6,dev
bench_wide,B/4,bilinear,0.5,all,1,1.0000,1.0000,1.0000,1.0000,1.0000,1.0000,3160,3160,788.0,2549.0,1.0,1.0000,8347296,0.5,3.2,2.6,dev
bench_wide,B/4,bilinear,0.5,heldout,1,1.0000,1.0000,1.0000,1.0000,1.0000,1.0000,3160,3160,788.0,2549.0,1.0,1.0000,8347296,0.5,3.1,2.6,dev
bench_wide,B/4,identity,0,-,1,1.0000,1.0000,1.0000,1.0000,1.0000,1.0000,3160,3160,788.0,2549.0,1.0,1.0000,0,0.0,2.6,2.6,dev
bench_wide,B/4,per_rule,0.25,heldout,1,1.0000,1.0000,1.0000,1.0000,1.0000,1.0000,3160,3160,788.0,2549.0,1.0,1.0000,0,0.0,2.7,2.6,dev
bench_wide,B/4,per_rule,0.5,heldout,1,1.0000,1.0000,1.0000,1.0000,1.0000,1.0000,3160,3160,788.0,2549.0,1.0,1.0000,0,0.0,2.7,2.6,dev
bench_wide,B/4,uniform,0.25,-,1,0.9916,0.9916,0.9916,0.9938,0.9938,0.9938,3109,3160,614.0,2501.0,1.0,0.2398,0,0.0,9.9,2.6,dev
bench_wide,B/4,uniform,0.5,-,1,0.9893,0.9893,0.9893,0.9928,0.9928,0.9928,3099,3160,544.0,2245.0,1.0,0.5152,0,0.0,2.7,2.6,dev
bench_wide,B/4,uniform_matched,0.25,all,1,1.0000,1.0000,1.0000,1.0000,1.0000,1.0000,3160,3160,788.0,2549.0,1.0,1.0000,0,0.0,2.7,2.6,dev
bench_wide,B/4,uniform_matched,0.25,heldout,1,1.0000,1.0000,1.0000,1.0000,1.0000,1.0000,3160,3160,788.0,2549.0,1.0,1.0000,0,0.0,2.6,2.6,dev
bench_wide,B/4,uniform_matched,0.5,all,1,1.0000,1.0000,1.0000,1.0000,1.0000,1.0000,3160,3160,788.0,2549.0,1.0,1.0000,0,0.0,2.6,2.6,dev
bench_wide,B/4,uniform_matched,0.5,heldout,1,1.0000,1.0000,1.0000,1.0000,1.0000,1.0000,3160,3160,788.0,2549.0,1.0,1.0000,0,0.0,2.7,2.6,dev
bench_wide,B/8,bilinear,0.25,all,1,1.0000,1.0000,1.0000,1.0000,1.0000,1.0000,3194,3194,394.0,2199.0,1.0,1.0000,4171552,0.2,2.6,2.3,dev
bench_wide,B/8,bilinear,0.25,heldout,1,1.0000,1.0000,1.0000,1.0000,1.0000,1.0000,3194,3194,394.0,2199.0,1.0,1.0000,4171552,0.2,2.6,2.3,dev
bench_wide,B/8,bilinear,0.5,all,1,1.0000,1.0000,1.0000,1.0000,1.0000,1.0000,3194,3194,394.0,2199.0,1.0,1.0000,4171552,0.2,2.5,2.3,dev
bench_wide,B/8,bilinear,0.5,heldout,1,1.0000,1.0000,1.0000,1.0000,1.0000,1.0000,3194,3194,394.0,2199.0,1.0,1.0000,4171552,0.2,2.6,2.3,dev
bench_wide,B/8,identity,0,-,1,1.0000,1.0000,1.0000,1.0000,1.0000,1.0000,3194,3194,394.0,2199.0,1.0,1.0000,0,0.0,2.3,2.3,dev
bench_wide,B/8,per_rule,0.25,heldout,1,1.0000,1.0000,1.0000,1.0000,1.0000,1.0000,3194,3194,394.0,2199.0,1.0,1.0000,0,0.0,2.3,2.3,dev
bench_wide,B/8,per_rule,0.5,heldout,1,1.0000,1.0000,1.0000,1.0000,1.0000,1.0000,3194,3194,394.0,2199.0,1.0,1.0000,0,0.0,2.4,2.3,dev
bench_wide,B/8,uniform,0.25,-,1,1.0131,1.0131,1.0131,0.9918,0.9918,0.9918,3233,3194,123.0,1855.0,1.0,0.2490,0,0.0,2.2,2.3,dev
bench_wide,B/8,uniform,0.5,-,1,1.0055,1.0055,1.0055,0.9980,0.9980,0.9980,3194,3194,225.0,1987.0,1.0,0.5000,0,0.0,2.1,2.3,dev
bench_wide,B/8,uniform_matched,0.25,all,1,1.0000,1.0000,1.0000,1.0000,1.0000,1.0000,3194,3194,394.0,2199.0,1.0,1.0000,0,0.0,2.3,2.3,dev
bench_wide,B/8,uniform_matched,0.25,heldout,1,1.0000,1.0000,1.0000,1.0000,1.0000,1.0000,3194,3194,394.0,2199.0,1.0,1.0000,0,0.0,2.4,2.3,dev
bench_wide,B/8,uniform_matched,0.5,all,1,1.0000,1.0000,1.0000,1.0000,1.0000,1.0000,3194,3194,394.0,2199.0,1.0,1.0000,0,0.0,2.3,2.3,dev
bench_wide,B/8,uniform_matched,0.5,heldout,1,1.0000,1.0000,1.0000,1.0000,1.0000,1.0000,3194,3194,394.0,2199.0,1.0,1.0000,0,0.0,2.4,2.3,dev
cellgrid,B,bilinear,0.25,all,1,1.0514,1.0514,1.0514,0.9752,0.9752,0.9752,0,0,69.0,235.0,5.0,0.1255,5227136,0.3,2.2,17.1,dev
cellgrid,B,bilinear,0.25,heldout,1,1.0514,1.0514,1.0514,0.9752,0.9752,0.9752,0,0,53.0,227.0,5.0,0.1035,5134336,0.3,2.2,17.1,dev
cellgrid,B,bilinear,0.5,all,1,1.0257,1.0257,1.0257,1.0124,1.0124,1.0124,0,0,5392.0,4423.0,3.0,0.7490,39311456,3.7,17.9,17.1,dev
cellgrid,B,bilinear,0.5,heldout,1,1.0257,1.0257,1.0257,1.0124,1.0124,1.0124,0,0,5366.0,4441.0,3.0,0.7574,41156672,3.7,17.6,17.1,dev
cellgrid,B,identity,0,-,1,1.0000,1.0000,1.0000,1.0000,1.0000,1.0000,0,0,6826.0,4634.0,3.0,1.0000,0,0.0,17.1,17.1,dev
cellgrid,B,per_rule,0.25,heldout,1,1.0514,1.0514,1.0514,0.9752,0.9752,0.9752,0,0,225.0,213.0,2.0,0.7305,0,0.0,1.1,17.1,dev
cellgrid,B,per_rule,0.5,heldout,1,1.0257,1.0257,1.0257,1.0062,1.0062,1.0062,0,0,4785.0,3605.0,4.0,0.5820,0,0.0,15.5,17.1,dev
cellgrid,B,uniform,0.25,-,1,1.0280,1.0280,1.0280,0.9814,0.9814,0.9814,0,0,273.0,292.0,16.0,0.2676,0,0.0,5.4,17.1,dev
cellgrid,B,uniform,0.5,-,1,0.9907,0.9907,0.9907,0.9814,0.9814,0.9814,0,0,5514.0,3832.0,6.0,0.4874,0,0.0,21.8,17.1,dev
cellgrid,B,uniform_matched,0.25,all,1,1.0561,1.0561,1.0561,0.9814,0.9814,0.9814,0,0,33.0,153.0,4.0,0.1500,0,0.0,1.2,17.1,dev
cellgrid,B,uniform_matched,0.25,heldout,1,1.0467,1.0467,1.0467,0.9876,0.9876,0.9876,0,0,35.0,152.0,6.0,0.1446,0,0.0,1.5,17.1,dev
cellgrid,B,uniform_matched,0.5,all,1,1.0023,1.0023,1.0023,1.0000,1.0000,1.0000,0,0,6550.0,4419.0,4.0,0.7586,0,0.0,20.3,17.1,dev
cellgrid,B,uniform_matched,0.5,heldout,1,1.0117,1.0117,1.0117,1.0062,1.0062,1.0062,0,0,6530.0,4415.0,4.0,0.7529,0,0.0,20.9,17.1,dev
cellgrid,B/2,bilinear,0.25,all,1,1.0490,1.0490,1.0490,0.9752,0.9752,0.9752,0,0,69.0,235.0,5.0,0.1255,5227136,0.3,2.2,7.4,dev
cellgrid,B/2,bilinear,0.25,heldout,1,1.0490,1.0490,1.0490,0.9752,0.9752,0.9752,0,0,53.0,227.0,5.0,0.1035,5134336,0.3,2.2,7.4,dev
cellgrid,B/2,bilinear,0.5,all,1,1.0233,1.0233,1.0233,1.0124,1.0124,1.0124,0,0,3129.0,3050.0,3.0,0.6528,27954048,2.7,10.6,7.4,dev
cellgrid,B/2,bilinear,0.5,heldout,1,1.0233,1.0233,1.0233,1.0124,1.0124,1.0124,0,0,3351.0,3084.0,3.0,0.6609,30264832,2.8,10.7,7.4,dev
cellgrid,B/2,identity,0,-,1,1.0000,1.0000,1.0000,1.0000,1.0000,1.0000,0,0,3413.0,2689.0,3.0,1.0000,0,0.0,7.4,7.4,dev
cellgrid,B/2,per_rule,0.25,heldout,1,1.0490,1.0490,1.0490,0.9752,0.9752,0.9752,0,0,225.0,213.0,2.0,0.7305,0,0.0,1.1,7.4,dev
cellgrid,B/2,per_rule,0.5,heldout,1,1.0233,1.0233,1.0233,1.0062,1.0062,1.0062,0,0,3413.0,2676.0,4.0,0.7197,0,0.0,9.3,7.4,dev
cellgrid,B/2,uniform,0.25,-,1,1.0256,1.0256,1.0256,0.9814,0.9814,0.9814,0,0,273.0,292.0,16.0,0.2676,0,0.0,5.4,7.4,dev
cellgrid,B/2,uniform,0.5,-,1,0.9883,0.9883,0.9883,0.9814,0.9814,0.9814,0,0,3281.0,2440.0,6.0,0.4877,0,0.0,12.7,7.4,dev
cellgrid,B/2,uniform_matched,0.25,all,1,1.0536,1.0536,1.0536,0.9814,0.9814,0.9814,0,0,33.0,153.0,4.0,0.1500,0,0.0,1.4,7.4,dev
cellgrid,B/2,uniform_matched,0.25,heldout,1,1.0443,1.0443,1.0443,0.9876,0.9876,0.9876,0,0,35.0,152.0,6.0,0.1446,0,0.0,1.5,7.4,dev
cellgrid,B/2,uniform_matched,0.5,all,1,1.0093,1.0093,1.0093,0.9938,0.9938,0.9938,0,0,3345.0,2631.0,4.0,0.6528,0,0.0,9.6,7.4,dev
cellgrid,B/2,uniform_matched,0.5,heldout,1,1.0186,1.0186,1.0186,0.9938,0.9938,0.9938,0,0,3324.0,2570.0,4.0,0.6607,0,0.0,8.6,7.4,dev
cellgrid,B/4,bilinear,0.25,all,1,1.0297,1.0297,1.0297,0.9752,0.9752,0.9752,0,0,69.0,235.0,5.0,0.1255,5227136,0.3,2.2,5.4,dev
cellgrid,B/4,bilinear,0.25,heldout,1,1.0297,1.0297,1.0297,0.9752,0.9752,0.9752,0,0,53.0,227.0,5.0,0.1035,5134336,0.3,2.2,5.4,dev
cellgrid,B/4,bilinear,0.5,all,1,1.0046,1.0046,1.0046,1.0124,1.0124,1.0124,0,0,1630.0,1602.0,3.0,0.7893,13512800,1.3,6.7,5.4,dev
cellgrid,B/4,bilinear,0.5,heldout,1,1.0046,1.0046,1.0046,1.0124,1.0124,1.0124,0,0,1533.0,1488.0,3.0,0.6881,14457472,1.2,6.4,5.4,dev
cellgrid,B/4,identity,0,-,1,1.0000,1.0000,1.0000,1.0000,1.0000,1.0000,0,0,1706.0,1581.0,2.0,1.0000,0,0.0,5.4,5.4,dev
cellgrid,B/4,per_rule,0.25,heldout,1,1.0297,1.0297,1.0297,0.9752,0.9752,0.9752,0,0,225.0,213.0,2.0,0.7305,0,0.0,1.1,5.4,dev
cellgrid,B/4,per_rule,0.5,heldout,1,1.0046,1.0046,1.0046,1.0062,1.0062,1.0062,0,0,1481.0,1389.0,3.0,0.5514,0,0.0,5.1,5.4,dev
cellgrid,B/4,uniform,0.25,-,1,1.0069,1.0069,1.0069,0.9814,0.9814,0.9814,0,0,273.0,292.0,16.0,0.2676,0,0.0,6.4,5.4,dev
cellgrid,B/4,uniform,0.5,-,1,0.9794,0.9794,0.9794,0.9814,0.9814,0.9814,0,0,1600.0,1334.0,5.0,0.4883,0,0.0,7.1,5.4,dev
cellgrid,B/4,uniform_matched,0.25,all,1,1.0343,1.0343,1.0343,0.9814,0.9814,0.9814,0,0,33.0,153.0,4.0,0.1500,0,0.0,1.2,5.4,dev
cellgrid,B/4,uniform_matched,0.25,heldout,1,1.0252,1.0252,1.0252,0.9876,0.9876,0.9876,0,0,35.0,152.0,6.0,0.1446,0,0.0,1.5,5.4,dev
cellgrid,B/4,uniform_matched,0.5,all,1,0.9931,0.9931,0.9931,1.0062,1.0062,1.0062,0,0,1683.0,1430.0,3.0,0.7916,0,0.0,4.8,5.4,dev
cellgrid,B/4,uniform_matched,0.5,heldout,1,0.9817,0.9817,0.9817,0.9938,0.9938,0.9938,0,0,1685.0,1493.0,3.0,0.6894,0,0.0,7.1,5.4,dev
cellgrid,B/8,bilinear,0.25,all,1,1.0274,1.0274,1.0274,0.9691,0.9691,0.9691,0,0,69.0,235.0,5.0,0.1255,5227136,0.3,2.2,2.5,dev
cellgrid,B/8,bilinear,0.25,heldout,1,1.0274,1.0274,1.0274,0.9691,0.9691,0.9691,0,0,53.0,227.0,5.0,0.1035,5134336,0.3,2.2,2.5,dev
cellgrid,B/8,bilinear,0.5,all,1,1.0023,1.0023,1.0023,1.0062,1.0062,1.0062,0,0,823.0,1031.0,2.0,0.7022,8120256,0.6,3.2,2.5,dev
cellgrid,B/8,bilinear,0.5,heldout,1,1.0023,1.0023,1.0023,1.0062,1.0062,1.0062,0,0,853.0,1045.0,2.0,0.6918,8749376,0.7,4.7,2.5,dev
cellgrid,B/8,identity,0,-,1,1.0000,1.0000,1.0000,1.0000,1.0000,1.0000,0,0,853.0,881.0,2.0,1.0000,0,0.0,2.5,2.5,dev
cellgrid,B/8,per_rule,0.25,heldout,1,1.0274,1.0274,1.0274,0.9691,0.9691,0.9691,0,0,225.0,213.0,2.0,0.7305,0,0.0,1.1,2.5,dev
cellgrid,B/8,per_rule,0.5,heldout,1,1.0023,1.0023,1.0023,1.0000,1.0000,1.0000,0,0,853.0,781.0,3.0,0.7102,0,0.0,3.3,2.5,dev
cellgrid,B/8,uniform,0.25,-,1,1.0046,1.0046,1.0046,0.9753,0.9753,0.9753,0,0,273.0,292.0,16.0,0.2676,0,0.0,5.4,2.5,dev
cellgrid,B/8,uniform,0.5,-,1,0.9795,0.9795,0.9795,0.9877,0.9877,0.9877,0,0,812.0,756.0,4.0,0.4900,0,0.0,3.9,2.5,dev
cellgrid,B/8,uniform_matched,0.25,all,1,1.0320,1.0320,1.0320,0.9753,0.9753,0.9753,0,0,33.0,153.0,4.0,0.1500,0,0.0,1.2,2.5,dev
cellgrid,B/8,uniform_matched,0.25,heldout,1,1.0228,1.0228,1.0228,0.9815,0.9815,0.9815,0,0,35.0,152.0,6.0,0.1446,0,0.0,1.5,2.5,dev
cellgrid,B/8,uniform_matched,0.5,all,1,0.9932,0.9932,0.9932,1.0000,1.0000,1.0000,0,0,795.0,714.0,3.0,0.6961,0,0.0,3.0,2.5,dev
cellgrid,B/8,uniform_matched,0.5,heldout,1,0.9795,0.9795,0.9795,0.9877,0.9877,0.9877,0,0,836.0,775.0,3.0,0.7405,0,0.0,3.5,2.5,dev
glyph16,B,bilinear,0.25,all,94,1.0981,0.9674,2.0796,1.0820,0.9893,1.5000,179698,74213,476.0,927.5,1.0,0.3923,2166952192,138.2,1054.9,5460.4,dev
glyph16,B,bilinear,0.25,heldout,94,0.9965,0.7737,1.1897,0.9955,0.8246,1.1389,73129,74213,2962.5,4330.0,2.0,0.3631,4481991584,461.6,2277.8,5460.4,dev
glyph16,B,bilinear,0.5,all,94,1.0074,0.9760,1.1948,1.0072,0.9777,1.2273,74436,74213,2560.5,4472.0,2.0,0.4141,4767781600,544.3,3159.9,5460.4,dev
glyph16,B,bilinear,0.5,heldout,94,1.0000,0.9393,1.0487,1.0023,0.9756,1.1566,74332,74213,3861.5,4588.5,2.0,0.5369,4319084832,512.7,2346.0,5460.4,dev
glyph16,B,identity,0,-,94,1.0000,1.0000,1.0000,1.0000,1.0000,1.0000,74213,74213,6707.0,4749.5,2.0,1.0000,0,0.0,5460.4,5460.4,dev
glyph16,B,per_rule,0.25,heldout,94,0.9752,0.8427,1.7913,1.0167,0.9120,1.4681,179140,74213,1242.5,991.0,6.0,0.6053,0,0.0,846.8,5460.4,dev
glyph16,B,per_rule,0.5,heldout,94,0.9083,0.7228,1.5130,1.0077,0.9036,1.4681,164366,74213,1311.0,1108.5,5.0,0.6972,0,0.0,941.7,5460.4,dev
glyph16,B,uniform,0.25,-,94,1.0211,0.9395,1.2258,1.0479,0.9747,1.2439,146684,74213,3284.5,3223.0,6.5,0.2530,0,0.0,13933.1,5460.4,dev
glyph16,B,uniform,0.5,-,94,0.9922,0.8967,1.1458,1.0430,0.9655,1.1458,129239,74213,5399.5,3738.0,3.0,0.4981,0,0.0,7582.0,5460.4,dev
glyph16,B,uniform_matched,0.25,all,94,1.0507,0.9420,2.0579,1.0461,0.9658,1.5000,117329,74213,1443.0,2970.0,1.0,0.3446,0,0.0,1473.6,5460.4,dev
glyph16,B,uniform_matched,0.25,heldout,94,1.0062,0.9631,1.3922,1.0228,0.9804,1.2727,87478,74213,3027.0,3636.5,2.0,0.2994,0,0.0,9516.8,5460.4,dev
glyph16,B,uniform_matched,0.5,all,94,1.0051,0.9622,1.2629,1.0211,0.9924,1.1709,87415,74213,3754.5,3745.5,2.5,0.3235,0,0.0,12904.0,5460.4,dev
glyph16,B,uniform_matched,0.5,heldout,94,1.0003,0.9230,1.1667,1.0028,0.9785,1.1452,74466,74213,5820.0,4436.5,2.0,0.4544,0,0.0,11987.5,5460.4,dev
glyph16,B/2,bilinear,0.25,all,94,1.1534,0.9495,1.8782,1.0829,1.0000,1.4182,181536,111506,433.5,927.5,1.0,0.5602,1020959680,64.9,405.0,1315.9,dev
glyph16,B/2,bilinear,0.25,heldout,94,1.0000,0.8512,1.1444,1.0000,0.8658,1.0833,111019,111506,1620.5,3062.0,2.0,0.3150,3637866976,387.6,1701.3,1315.9,dev
glyph16,B/2,bilinear,0.5,all,94,1.0029,1.0000,1.2403,1.0045,1.0000,1.2981,112223,111506,1788.0,3219.5,2.0,0.3684,4063128736,499.8,2569.4,1315.9,dev
glyph16,B/2,bilinear,0.5,heldout,94,1.0000,0.9364,1.0712,1.0000,1.0000,1.1753,111709,111506,2419.0,3131.5,2.0,0.5015,3315414560,398.7,1619.7,1315.9,dev
glyph16,B/2,identity,0,-,94,1.0000,1.0000,1.0000,1.0000,1.0000,1.0000,111506,111506,3353.0,2993.5,2.0,1.0000,0,0.0,1315.9,1315.9,dev
glyph16,B/2,per_rule,0.25,heldout,94,0.9819,0.8958,1.6290,1.0690,0.9515,1.3818,181174,111506,754.5,991.0,6.0,0.7145,0,0.0,448.5,1315.9,dev
glyph16,B/2,per_rule,0.5,heldout,94,0.9790,0.7846,1.3680,1.0708,0.9483,1.3818,176418,111506,911.0,1108.5,5.0,0.7777,0,0.0,460.5,1315.9,dev
glyph16,B/2,uniform,0.25,-,94,1.0115,0.9238,1.2086,1.0833,0.9802,1.2308,162987,111506,1663.0,2338.5,6.0,0.2510,0,0.0,5229.1,1315.9,dev
glyph16,B/2,uniform,0.5,-,94,1.0062,0.8886,1.1407,1.0687,0.9876,1.1863,157995,111506,3005.0,2517.0,3.0,0.4955,0,0.0,2470.0,1315.9,dev
glyph16,B/2,uniform_matched,0.25,all,94,1.0955,0.9366,1.8643,1.0460,0.9990,1.4255,126325,111506,722.0,2214.5,1.0,0.4355,0,0.0,553.2,1315.9,dev
glyph16,B/2,uniform_matched,0.25,heldout,94,1.0236,0.9989,1.3826,1.0303,1.0000,1.3333,116349,111506,1517.5,2988.0,2.0,0.3011,0,0.0,3614.2,1315.9,dev
glyph16,B/2,uniform_matched,0.5,all,94,1.0158,1.0000,1.2293,1.0331,1.0000,1.2394,114931,111506,1931.0,3063.0,2.0,0.3230,0,0.0,4853.8,1315.9,dev
glyph16,B/2,uniform_matched,0.5,heldout,94,1.0000,0.9677,1.1773,1.0072,1.0000,1.1860,112308,111506,3339.5,2988.5,2.0,0.4567,0,0.0,3551.7,1315.9,dev
glyph16,B/4,bilinear,0.25,all,94,1.0653,1.0000,1.8577,1.0654,1.0000,1.4091,185128,162990,264.5,927.5,1.0,0.6527,501576960,30.9,241.0,535.5,dev
glyph16,B/4,bilinear,0.25,heldout,94,1.0000,0.9125,1.0690,1.0000,0.8704,1.0789,162710,162990,970.5,2038.5,1.0,0.3505,2033963456,214.4,985.3,535.5,dev
glyph16,B/4,bilinear,0.5,all,94,1.0085,1.0000,1.1765,1.0000,0.9806,1.2051,163325,162990,942.0,2010.0,1.0,0.3860,2196549120,257.5,1231.3,535.5,dev
glyph16,B/4,bilinear,0.5,heldout,94,1.0000,0.9250,1.0240,1.0000,0.9848,1.0682,163124,162990,1615.0,2067.0,1.0,0.5824,1660370848,190.9,762.6,535.5,dev
glyph16,B/4,identity,0,-,94,1.0000,1.0000,1.0000,1.0000,1.0000,1.0000,162990,162990,1676.0,1900.0,1.0,1.0000,0,0.0,535.5,535.5,dev
glyph16,B/4,per_rule,0.25,heldout,94,1.0000,0.9201,1.6283,1.0307,1.0000,1.3939,184768,162990,583.0,991.0,6.0,0.7029,0,0.0,353.1,535.5,dev
glyph16,B/4,per_rule,0.5,heldout,94,1.0000,0.7885,1.3750,1.0249,1.0000,1.3651,181262,162990,689.5,1108.0,4.5,0.7731,0,0.0,378.5,535.5,dev
glyph16,B/4,uniform,0.25,-,94,1.0133,0.9865,1.2387,1.0774,0.9812,1.2500,176831,162990,783.0,1608.5,4.5,0.2494,0,0.0,1926.1,535.5,dev
glyph16,B/4,uniform,0.5,-,94,1.0080,0.9657,1.1673,1.0437,0.9834,1.2045,175458,162990,1536.0,1824.0,2.0,0.4975,0,0.0,972.8,535.5,dev
glyph16,B/4,uniform_matched,0.25,all,94,1.0166,1.0000,1.8309,1.0387,1.0000,1.3958,174222,162990,361.0,1616.5,1.0,0.5128,0,0.0,280.9,535.5,dev
glyph16,B/4,uniform_matched,0.25,heldout,94,1.0013,1.0000,1.3077,1.0027,1.0000,1.2955,164435,162990,961.5,1874.0,1.0,0.3414,0,0.0,1332.7,535.5,dev
glyph16,B/4,uniform_matched,0.5,all,94,1.0123,1.0000,1.2587,1.0066,1.0000,1.2500,166777,162990,968.0,1909.5,1.0,0.3572,0,0.0,1403.7,535.5,dev
glyph16,B/4,uniform_matched,0.5,heldout,94,1.0000,0.9883,1.1658,1.0000,1.0000,1.2245,163729,162990,1668.5,1891.5,1.0,0.5650,0,0.0,1021.2,535.5,dev
glyph16,B/8,bilinear,0.25,all,94,1.0553,1.0000,1.8230,1.0000,1.0000,1.2885,186799,179460,148.0,927.5,1.0,0.5760,314850016,19.5,197.6,308.1,dev
glyph16,B/8,bilinear,0.25,heldout,94,1.0000,0.9685,1.0534,1.0000,0.8625,1.0200,178797,179460,735.0,1319.0,1.0,0.3715,1180307648,120.1,631.7,308.1,dev
glyph16,B/8,bilinear,0.5,all,94,1.0000,0.9955,1.1900,1.0000,0.9366,1.1429,179650,179460,553.0,1319.0,1.0,0.4541,1034475808,109.6,549.1,308.1,dev
glyph16,B/8,bilinear,0.5,heldout,94,1.0000,0.8938,1.0074,1.0000,0.8814,1.0029,178930,179460,837.5,1319.0,1.0,0.6767,800765568,83.5,406.2,308.1,dev
glyph16,B/8,identity,0,-,94,1.0000,1.0000,1.0000,1.0000,1.0000,1.0000,179460,179460,838.0,1319.0,1.0,1.0000,0,0.0,308.1,308.1,dev
glyph16,B/8,per_rule,0.25,heldout,94,1.0000,0.9395,1.5929,1.0000,0.9903,1.2609,186475,179460,378.5,988.0,2.0,0.7657,0,0.0,261.0,308.1,dev
glyph16,B/8,per_rule,0.5,heldout,94,1.0000,0.8058,1.3388,1.0000,0.9909,1.2692,184862,179460,398.5,1104.5,2.0,0.8195,0,0.0,289.6,308.1,dev
glyph16,B/8,uniform,0.25,-,94,1.0164,0.9920,1.2845,1.0336,0.9921,1.1910,184796,179460,377.0,1195.5,3.0,0.2492,0,0.0,835.7,308.1,dev
glyph16,B/8,uniform,0.5,-,94,1.0097,0.9830,1.1837,1.0068,0.9840,1.1875,180097,179460,731.5,1294.5,2.0,0.4961,0,0.0,478.1,308.1,dev
glyph16,B/8,uniform_matched,0.25,all,94,1.0002,0.9988,1.7908,1.0000,1.0000,1.3243,184550,179460,180.0,1217.0,1.0,0.4936,0,0.0,215.8,308.1,dev
glyph16,B/8,uniform_matched,0.25,heldout,94,1.0030,1.0000,1.2749,1.0000,1.0000,1.2472,181442,179460,483.5,1319.0,1.0,0.3928,0,0.0,539.9,308.1,dev
glyph16,B/8,uniform_matched,0.5,all,94,1.0000,1.0000,1.2127,1.0000,1.0000,1.1538,181245,179460,612.5,1319.0,1.0,0.4436,0,0.0,559.5,308.1,dev
glyph16,B/8,uniform_matched,0.5,heldout,94,1.0000,1.0000,1.1524,1.0000,1.0000,1.1299,179810,179460,836.5,1319.0,1.0,0.6630,0,0.0,426.5,308.1,dev
glyph32,B,bilinear,0.25,all,94,1.0981,0.9674,2.0796,1.0823,0.9893,1.5000,179703,74216,476.0,927.5,1.0,0.3923,2166972416,136.5,1048.4,5375.3,dev
glyph32,B,bilinear,0.25,heldout,94,0.9965,0.7737,1.1897,0.9955,0.8246,1.1389,73132,74216,2962.5,4330.0,2.0,0.3631,4481958208,460.2,2277.6,5375.3,dev
glyph32,B,bilinear,0.5,all,94,1.0074,0.9760,1.1948,1.0072,0.9777,1.2273,74439,74216,2560.5,4472.0,2.0,0.4141,4767748672,538.8,3113.8,5375.3,dev
glyph32,B,bilinear,0.5,heldout,94,1.0000,0.9393,1.0487,1.0023,0.9756,1.1566,74335,74216,3861.5,4588.5,2.0,0.5369,4319062752,502.4,2339.3,5375.3,dev
glyph32,B,identity,0,-,94,1.0000,1.0000,1.0000,1.0000,1.0000,1.0000,74216,74216,6707.0,4749.5,2.0,1.0000,0,0.0,5375.3,5375.3,dev
glyph32,B,per_rule,0.25,heldout,94,0.9752,0.8427,1.7913,1.0167,0.9120,1.4681,179145,74216,1242.5,991.0,6.0,0.6053,0,0.0,846.1,5375.3,dev
glyph32,B,per_rule,0.5,heldout,94,0.9083,0.7228,1.5130,1.0077,0.9036,1.4681,164371,74216,1310.0,1109.0,5.0,0.6972,0,0.0,892.3,5375.3,dev
glyph32,B,uniform,0.25,-,94,1.0211,0.9396,1.2258,1.0465,0.9747,1.2439,146699,74216,3284.5,3223.0,6.5,0.2523,0,0.0,13769.6,5375.3,dev
glyph32,B,uniform,0.5,-,94,0.9952,0.9109,1.1458,1.0473,0.9649,1.1458,129257,74216,5399.5,3738.0,3.0,0.4987,0,0.0,7720.9,5375.3,dev
glyph32,B,uniform_matched,0.25,all,94,1.0513,0.9420,2.0579,1.0461,0.9658,1.5000,117339,74216,1440.0,2970.0,1.0,0.3445,0,0.0,1469.3,5375.3,dev
glyph32,B,uniform_matched,0.25,heldout,94,1.0062,0.9631,1.3922,1.0228,0.9804,1.2727,87481,74216,3027.0,3636.5,2.0,0.2994,0,0.0,9467.9,5375.3,dev
glyph32,B,uniform_matched,0.5,all,94,1.0051,0.9622,1.2629,1.0223,0.9924,1.1709,87433,74216,3754.5,3745.5,2.5,0.3233,0,0.0,12785.9,5375.3,dev
glyph32,B,uniform_matched,0.5,heldout,94,1.0003,0.9401,1.1939,1.0031,0.9809,1.1391,74452,74216,5820.0,4436.5,2.0,0.4555,0,0.0,11479.2,5375.3,dev
glyph32,B/2,bilinear,0.25,all,94,1.1534,0.9495,1.8782,1.0829,1.0000,1.4182,181540,111508,433.5,927.5,1.0,0.5601,1020969504,64.2,401.8,1285.7,dev
glyph32,B/2,bilinear,0.25,heldout,94,1.0000,0.8512,1.1444,1.0000,0.8658,1.0833,111021,111508,1620.5,3062.5,2.0,0.3149,3637856064,380.7,1671.7,1285.7,dev
glyph32,B/2,bilinear,0.5,all,94,1.0029,1.0000,1.2403,1.0045,1.0000,1.2981,112225,111508,1788.0,3219.5,2.0,0.3684,4063117568,483.9,2485.6,1285.7,dev
glyph32,B/2,bilinear,0.5,heldout,94,1.0000,0.9364,1.0712,1.0000,1.0000,1.1753,111711,111508,2419.0,3131.5,2.0,0.5015,3315403648,399.3,1614.3,1285.7,dev
glyph32,B/2,identity,0,-,94,1.0000,1.0000,1.0000,1.0000,1.0000,1.0000,111508,111508,3353.0,2993.5,2.0,1.0000,0,0.0,1285.7,1285.7,dev
glyph32,B/2,per_rule,0.25,heldout,94,0.9819,0.8958,1.6290,1.0690,0.9515,1.3818,181178,111508,754.5,991.0,6.0,0.7145,0,0.0,439.6,1285.7,dev
glyph32,B/2,per_rule,0.5,heldout,94,0.9790,0.7846,1.3680,1.0708,0.9483,1.3818,176422,111508,911.0,1109.0,5.0,0.7777,0,0.0,457.3,1285.7,dev
glyph32,B/2,uniform,0.25,-,94,1.0115,0.9238,1.2086,1.0833,0.9802,1.2326,162989,111508,1663.0,2338.5,6.0,0.2509,0,0.0,5179.2,1285.7,dev
glyph32,B/2,uniform,0.5,-,94,1.0068,0.8905,1.1407,1.0687,0.9885,1.1831,158116,111508,3005.0,2517.0,3.0,0.4962,0,0.0,2416.6,1285.7,dev
glyph32,B/2,uniform_matched,0.25,all,94,1.0955,0.9234,1.8643,1.0460,1.0000,1.4255,127696,111508,721.5,2214.5,1.0,0.4354,0,0.0,543.4,1285.7,dev
glyph32,B/2,uniform_matched,0.25,heldout,94,1.0236,0.9989,1.3826,1.0303,1.0000,1.3333,116232,111508,1517.5,2988.0,2.0,0.3011,0,0.0,3549.1,1285.7,dev
glyph32,B/2,uniform_matched,0.5,all,94,1.0158,1.0000,1.2293,1.0331,1.0000,1.2394,114933,111508,1931.0,3063.0,2.0,0.3231,0,0.0,4694.6,1285.7,dev
glyph32,B/2,uniform_matched,0.5,heldout,94,1.0000,0.9776,1.1738,1.0072,1.0000,1.1731,112283,111508,3339.5,2988.5,2.0,0.4570,0,0.0,3443.4,1285.7,dev
glyph32,B/4,bilinear,0.25,all,94,1.0653,1.0000,1.8577,1.0654,1.0000,1.4091,185132,163023,264.5,927.5,1.0,0.6527,501566304,30.3,238.8,512.5,dev
glyph32,B/4,bilinear,0.25,heldout,94,1.0000,0.9125,1.0690,1.0000,0.8704,1.0732,162712,163023,970.5,2038.5,1.0,0.3505,2033952800,211.6,971.7,512.5,dev
glyph32,B/4,bilinear,0.5,all,94,1.0085,1.0000,1.1765,1.0000,0.9806,1.2051,163327,163023,942.0,2010.0,1.0,0.3860,2196538464,253.2,1225.0,512.5,dev
glyph32,B/4,bilinear,0.5,heldout,94,1.0000,0.9250,1.0240,1.0000,0.9848,1.0597,163126,163023,1615.0,2067.0,1.0,0.5824,1660339808,185.3,744.6,512.5,dev
glyph32,B/4,identity,0,-,94,1.0000,1.0000,1.0000,1.0000,1.0000,1.0000,163023,163023,1676.0,1900.0,1.0,1.0000,0,0.0,512.5,512.5,dev
glyph32,B/4,per_rule,0.25,heldout,94,1.0000,0.9201,1.6283,1.0307,1.0000,1.3939,184772,163023,583.0,991.0,6.0,0.7029,0,0.0,350.8,512.5,dev
glyph32,B/4,per_rule,0.5,heldout,94,1.0000,0.7885,1.3750,1.0249,1.0000,1.3651,181266,163023,689.5,1108.5,4.5,0.7731,0,0.0,372.2,512.5,dev
glyph32,B/4,uniform,0.25,-,94,1.0133,0.9865,1.2387,1.0774,0.9812,1.2500,176831,163023,783.0,1608.5,4.5,0.2500,0,0.0,1906.0,512.5,dev
glyph32,B/4,uniform,0.5,-,94,1.0080,0.9657,1.1673,1.0510,0.9834,1.2045,175382,163023,1536.0,1824.0,2.0,0.4976,0,0.0,954.7,512.5,dev
glyph32,B/4,uniform_matched,0.25,all,94,1.0166,1.0000,1.8309,1.0336,1.0000,1.3958,174224,163023,360.5,1616.5,1.0,0.5128,0,0.0,279.4,512.5,dev
glyph32,B/4,uniform_matched,0.25,heldout,94,1.0013,1.0000,1.3077,1.0027,1.0000,1.2955,164437,163023,961.5,1874.0,1.0,0.3417,0,0.0,1288.6,512.5,dev
glyph32,B/4,uniform_matched,0.5,all,94,1.0123,1.0000,1.2587,1.0047,1.0000,1.2500,166779,163023,968.0,1909.5,1.0,0.3572,0,0.0,1401.3,512.5,dev
glyph32,B/4,uniform_matched,0.5,heldout,94,1.0000,0.9883,1.1658,1.0000,1.0000,1.2245,163731,163023,1668.5,1891.5,1.0,0.5650,0,0.0,1015.1,512.5,dev
glyph32,B/8,bilinear,0.25,all,94,1.0553,1.0000,1.8230,1.0000,1.0000,1.2885,186801,179462,148.0,927.5,1.0,0.5760,314849952,19.2,191.8,306.1,dev
glyph32,B/8,bilinear,0.25,heldout,94,1.0000,0.9685,1.0534,1.0000,0.8625,1.0200,178799,179462,735.0,1319.0,1.0,0.3715,1180307584,120.6,624.4,306.1,dev
glyph32,B/8,bilinear,0.5,all,94,1.0000,0.9955,1.1900,1.0000,0.9366,1.1429,179652,179462,553.0,1319.0,1.0,0.4541,1034475744,108.1,542.3,306.1,dev
glyph32,B/8,bilinear,0.5,heldout,94,1.0000,0.9155,1.0094,1.0000,0.8814,1.0029,178909,179462,837.5,1319.0,1.0,0.6767,800765504,80.1,396.4,306.1,dev
glyph32,B/8,identity,0,-,94,1.0000,1.0000,1.0000,1.0000,1.0000,1.0000,179462,179462,838.0,1319.0,1.0,1.0000,0,0.0,306.1,306.1,dev
glyph32,B/8,per_rule,0.25,heldout,94,1.0000,0.9395,1.5929,1.0000,0.9903,1.2609,186477,179462,378.5,988.0,2.0,0.7657,0,0.0,262.9,306.1,dev
glyph32,B/8,per_rule,0.5,heldout,94,1.0000,0.8058,1.3388,1.0000,0.9909,1.2692,184864,179462,398.5,1104.5,2.0,0.8195,0,0.0,293.7,306.1,dev
glyph32,B/8,uniform,0.25,-,94,1.0164,0.9920,1.2845,1.0336,0.9921,1.1910,184796,179462,377.0,1195.5,3.0,0.2492,0,0.0,823.0,306.1,dev
glyph32,B/8,uniform,0.5,-,94,1.0097,0.9830,1.1837,1.0068,0.9840,1.1875,180099,179462,731.5,1294.5,2.0,0.4961,0,0.0,466.7,306.1,dev
glyph32,B/8,uniform_matched,0.25,all,94,1.0002,0.9988,1.7908,1.0000,1.0000,1.3243,184552,179462,180.0,1217.0,1.0,0.4936,0,0.0,204.2,306.1,dev
glyph32,B/8,uniform_matched,0.25,heldout,94,1.0030,1.0000,1.2749,1.0000,1.0000,1.2472,181444,179462,483.5,1319.0,1.0,0.3928,0,0.0,536.0,306.1,dev
glyph32,B/8,uniform_matched,0.5,all,94,1.0000,1.0000,1.2127,1.0000,1.0000,1.1538,181247,179462,612.5,1319.0,1.0,0.4436,0,0.0,544.4,306.1,dev
glyph32,B/8,uniform_matched,0.5,heldout,94,1.0000,1.0000,1.1451,1.0000,1.0000,1.1261,179809,179462,836.5,1319.0,1.0,0.6628,0,0.0,404.6,306.1,dev
psychedelic,B,bilinear,0.25,all,1,1.0424,1.0424,1.0424,0.9189,0.9189,0.9189,29,29,88.0,176.0,2.0,0.3424,2146624,0.1,1.1,17.7,dev
psychedelic,B,bilinear,0.25,heldout,1,1.0424,1.0424,1.0424,0.9189,0.9189,0.9189,29,29,67.0,165.0,2.0,0.3004,1911072,0.1,1.0,17.7,dev
psychedelic,B,bilinear,0.5,all,1,1.0158,1.0158,1.0158,1.0000,1.0000,1.0000,29,29,4777.0,3926.0,3.0,0.6922,38569344,3.7,18.3,17.7,dev
psychedelic,B,bilinear,0.5,heldout,1,1.0158,1.0158,1.0158,1.0000,1.0000,1.0000,29,29,4204.0,3429.0,3.0,0.6743,35937056,3.3,16.7,17.7,dev
psychedelic,B,identity,0,-,1,1.0000,1.0000,1.0000,1.0000,1.0000,1.0000,29,29,7328.0,4670.0,3.0,1.0000,0,0.0,17.7,17.7,dev
psychedelic,B,per_rule,0.25,heldout,1,1.0424,1.0424,1.0424,0.9189,0.9189,0.9189,29,29,211.0,195.0,2.0,0.6918,0,0.0,1.0,17.7,dev
psychedelic,B,per_rule,0.5,heldout,1,1.0412,1.0412,1.0412,0.9730,0.9730,0.9730,29,29,7223.0,2142.0,6.0,0.6913,0,0.0,16.6,17.7,dev
psychedelic,B,uniform,0.25,-,1,1.0218,1.0218,1.0218,0.9324,0.9324,0.9324,29,29,5869.0,2108.0,23.0,0.2525,0,0.0,40.1,17.7,dev
psychedelic,B,uniform,0.5,-,1,0.9855,0.9855,0.9855,0.9595,0.9595,0.9595,29,29,4834.0,2210.0,6.0,0.5045,0,0.0,16.3,17.7,dev
psychedelic,B,uniform_matched,0.25,all,1,0.9867,0.9867,0.9867,0.9662,0.9662,0.9662,29,29,6612.0,2325.0,12.0,0.3385,0,0.0,31.3,17.7,dev
psychedelic,B,uniform_matched,0.25,heldout,1,0.9867,0.9867,0.9867,0.9257,0.9257,0.9257,29,29,6410.0,2689.0,14.0,0.2932,0,0.0,36.3,17.7,dev
psychedelic,B,uniform_matched,0.5,all,1,1.0145,1.0145,1.0145,0.9865,0.9865,0.9865,29,29,5613.0,2978.0,4.0,0.7149,0,0.0,14.8,17.7,dev
psychedelic,B,uniform_matched,0.5,heldout,1,0.9939,0.9939,0.9939,1.0000,1.0000,1.0000,29,29,4470.0,2514.0,4.0,0.6735,0,0.0,12.7,17.7,dev
psychedelic,B/2,bilinear,0.25,all,1,1.0424,1.0424,1.0424,0.9189,0.9189,0.9189,29,29,88.0,176.0,2.0,0.3424,2146624,0.1,1.1,7.5,dev
psychedelic,B/2,bilinear,0.25,heldout,1,1.0424,1.0424,1.0424,0.9189,0.9189,0.9189,29,29,67.0,165.0,2.0,0.3004,1911072,0.1,1.0,7.5,dev
psychedelic,B/2,bilinear,0.5,all,1,1.0255,1.0255,1.0255,1.0068,1.0068,1.0068,29,29,3522.0,3201.0,3.0,0.6374,31931808,3.0,11.8,7.5,dev
psychedelic,B/2,bilinear,0.5,heldout,1,1.0291,1.0291,1.0291,1.0068,1.0068,1.0068,29,29,3442.0,2986.0,3.0,0.6330,31345568,2.8,11.2,7.5,dev
psychedelic,B/2,identity,0,-,1,1.0000,1.0000,1.0000,1.0000,1.0000,1.0000,29,29,3664.0,2570.0,3.0,1.0000,0,0.0,7.5,7.5,dev
psychedelic,B/2,per_rule,0.25,heldout,1,1.0424,1.0424,1.0424,0.9189,0.9189,0.9189,29,29,211.0,195.0,2.0,0.6918,0,0.0,1.0,7.5,dev
psychedelic,B/2,per_rule,0.5,heldout,1,1.0412,1.0412,1.0412,0.9730,0.9730,0.9730,29,29,3306.0,1712.0,4.0,0.6332,0,0.0,7.8,7.5,dev
psychedelic,B/2,uniform,0.25,-,1,1.0218,1.0218,1.0218,0.9324,0.9324,0.9324,29,29,3131.0,1228.0,20.0,0.2454,0,0.0,23.3,7.5,dev
psychedelic,B/2,uniform,0.5,-,1,0.9855,0.9855,0.9855,0.9527,0.9527,0.9527,29,29,3135.0,1637.0,6.0,0.4919,0,0.0,11.1,7.5,dev
psychedelic,B/2,uniform_matched,0.25,all,1,0.9842,0.9842,0.9842,0.9527,0.9527,0.9527,29,29,3102.0,1403.0,10.0,0.3362,0,0.0,15.6,7.5,dev
psychedelic,B/2,uniform_matched,0.25,heldout,1,0.9915,0.9915,0.9915,0.9257,0.9257,0.9257,29,29,3188.0,1679.0,12.0,0.2986,0,0.0,18.0,7.5,dev
psychedelic,B/2,uniform_matched,0.5,all,1,0.9709,0.9709,0.9709,0.9527,0.9527,0.9527,29,29,3555.0,2007.0,5.0,0.6174,0,0.0,11.8,7.5,dev
psychedelic,B/2,uniform_matched,0.5,heldout,1,1.0012,1.0012,1.0012,0.9662,0.9662,0.9662,29,29,3633.0,2411.0,4.0,0.6461,0,0.0,9.0,7.5,dev
psychedelic,B/4,bilinear,0.25,all,1,1.0023,1.0023,1.0023,0.9252,0.9252,0.9252,29,29,88.0,176.0,2.0,0.3424,2146624,0.1,1.1,3.1,dev
psychedelic,B/4,bilinear,0.25,heldout,1,1.0023,1.0023,1.0023,0.9252,0.9252,0.9252,29,29,67.0,165.0,2.0,0.3004,1911072,0.1,1.1,3.1,dev
psychedelic,B/4,bilinear,0.5,all,1,0.9755,0.9755,0.9755,1.0136,1.0136,1.0136,29,29,1648.0,1682.0,3.0,0.6616,16059904,1.4,7.7,3.1,dev
psychedelic,B/4,bilinear,0.5,heldout,1,0.9697,0.9697,0.9697,1.0000,1.0000,1.0000,29,29,1429.0,1503.0,3.0,0.5565,16059840,1.4,7.2,3.1,dev
psychedelic,B/4,identity,0,-,1,1.0000,1.0000,1.0000,1.0000,1.0000,1.0000,29,29,1832.0,1547.0,2.0,1.0000,0,0.0,3.1,3.1,dev
psychedelic,B/4,per_rule,0.25,heldout,1,1.0023,1.0023,1.0023,0.9252,0.9252,0.9252,29,29,211.0,195.0,2.0,0.6918,0,0.0,1.0,3.1,dev
psychedelic,B/4,per_rule,0.5,heldout,1,1.0012,1.0012,1.0012,0.9796,0.9796,0.9796,29,29,1482.0,1228.0,3.0,0.5837,0,0.0,4.2,3.1,dev
psychedelic,B/4,uniform,0.25,-,1,0.9872,0.9872,0.9872,0.9388,0.9388,0.9388,29,29,1590.0,783.0,16.0,0.2381,0,0.0,14.4,3.1,dev
psychedelic,B/4,uniform,0.5,-,1,0.9639,0.9639,0.9639,0.9388,0.9388,0.9388,29,29,1540.0,995.0,5.0,0.4965,0,0.0,6.7,3.1,dev
psychedelic,B/4,uniform_matched,0.25,all,1,0.9510,0.9510,0.9510,0.9456,0.9456,0.9456,29,29,1624.0,854.0,8.0,0.3296,0,0.0,9.6,3.1,dev
psychedelic,B/4,uniform_matched,0.25,heldout,1,0.9592,0.9592,0.9592,0.9388,0.9388,0.9388,29,29,1689.0,1039.0,11.0,0.2891,0,0.0,12.9,3.1,dev
psychedelic,B/4,uniform_matched,0.5,all,1,0.9674,0.9674,0.9674,0.9864,0.9864,0.9864,29,29,1786.0,1185.0,4.0,0.6547,0,0.0,6.3,3.1,dev
psychedelic,B/4,uniform_matched,0.5,heldout,1,0.9662,0.9662,0.9662,0.9388,0.9388,0.9388,29,29,1655.0,1199.0,4.0,0.5733,0,0.0,6.4,3.1,dev
psychedelic,B/8,bilinear,0.25,all,1,1.0552,1.0552,1.0552,0.9444,0.9444,0.9444,29,29,88.0,176.0,2.0,0.3424,2146624,0.1,1.1,2.5,dev
psychedelic,B/8,bilinear,0.25,heldout,1,1.0552,1.0552,1.0552,0.9444,0.9444,0.9444,29,29,67.0,165.0,2.0,0.3004,1911072,0.1,1.0,2.5,dev
psychedelic,B/8,bilinear,0.5,all,1,1.0098,1.0098,1.0098,1.0069,1.0069,1.0069,29,29,881.0,1094.0,2.0,0.7139,8698592,0.7,3.5,2.5,dev
psychedelic,B/8,bilinear,0.5,heldout,1,1.0098,1.0098,1.0098,1.0069,1.0069,1.0069,29,29,802.0,1043.0,2.0,0.6271,8705312,0.7,3.5,2.5,dev
psychedelic,B/8,identity,0,-,1,1.0000,1.0000,1.0000,1.0000,1.0000,1.0000,29,29,916.0,948.0,2.0,1.0000,0,0.0,2.5,2.5,dev
psychedelic,B/8,per_rule,0.25,heldout,1,1.0552,1.0552,1.0552,0.9444,0.9444,0.9444,29,29,211.0,195.0,2.0,0.6918,0,0.0,1.0,2.5,dev
psychedelic,B/8,per_rule,0.5,heldout,1,1.0479,1.0479,1.0479,0.9931,0.9931,0.9931,29,29,916.0,738.0,3.0,0.6831,0,0.0,3.1,2.5,dev
psychedelic,B/8,uniform,0.25,-,1,1.0454,1.0454,1.0454,0.9583,0.9583,0.9583,29,29,805.0,539.0,11.0,0.2654,0,0.0,7.6,2.5,dev
psychedelic,B/8,uniform,0.5,-,1,1.0184,1.0184,1.0184,0.9514,0.9514,0.9514,29,29,779.0,615.0,4.0,0.5072,0,0.0,3.8,2.5,dev
psychedelic,B/8,uniform_matched,0.25,all,1,1.0074,1.0074,1.0074,0.9583,0.9583,0.9583,29,29,757.0,550.0,6.0,0.3339,0,0.0,5.3,2.5,dev
psychedelic,B/8,uniform_matched,0.25,heldout,1,1.0258,1.0258,1.0258,0.9514,0.9514,0.9514,29,29,819.0,635.0,9.0,0.2904,0,0.0,7.2,2.5,dev
psychedelic,B/8,uniform_matched,0.5,all,1,1.0994,1.0994,1.0994,1.0486,1.0486,1.0486,29,29,902.0,784.0,3.0,0.7387,0,0.0,3.5,2.5,dev
psychedelic,B/8,uniform_matched,0.5,heldout,1,1.0429,1.0429,1.0429,1.0069,1.0069,1.0069,29,29,913.0,776.0,3.0,0.6181,0,0.0,3.6,2.5,dev
shader,B,bilinear,0.25,all,12,1.0615,0.9433,1.1337,0.9902,0.9118,1.0000,654,652,0.0,46.5,1.0,0.0000,6090144,0.4,3.7,182.5,dev
shader,B,bilinear,0.25,heldout,12,1.0615,0.9433,1.1337,0.9902,0.9118,1.0000,654,652,0.0,46.5,1.0,0.0000,6090144,0.4,3.7,182.5,dev
shader,B,bilinear,0.5,all,12,0.9986,0.9548,1.0672,1.0000,0.9000,1.0000,614,652,78.0,99.0,3.5,0.3552,30355360,2.2,17.2,182.5,dev
shader,B,bilinear,0.5,heldout,12,0.9977,0.9021,1.0698,0.9961,0.8750,1.0000,615,652,45.0,75.5,3.0,0.3587,18482336,1.2,10.8,182.5,dev
shader,B,identity,0,-,12,1.0000,1.0000,1.0000,1.0000,1.0000,1.0000,652,652,4601.0,1797.0,4.0,1.0000,0,0.0,182.5,182.5,dev
shader,B,per_rule,0.25,heldout,12,1.0842,1.0215,1.1337,1.0000,0.9533,1.0000,654,652,93.0,88.5,2.0,0.7168,0,0.0,6.6,182.5,dev
shader,B,per_rule,0.5,heldout,12,1.0110,0.9548,1.1583,1.0000,0.9500,1.0882,620,652,536.0,230.5,6.5,0.6654,0,0.0,47.2,182.5,dev
shader,B,uniform,0.25,-,12,1.0358,0.9227,1.1332,0.9863,0.9000,1.0000,625,652,28.5,69.0,4.5,0.2643,0,0.0,35.5,182.5,dev
shader,B,uniform,0.5,-,12,1.0118,0.9177,1.1042,1.0000,0.9500,1.0000,643,652,2587.0,1353.0,8.5,0.4918,0,0.0,198.2,182.5,dev
shader,B,uniform_matched,0.25,all,12,1.0615,0.9433,1.1337,0.9902,0.9118,1.0000,654,652,0.0,46.5,1.0,0.0000,0,0.0,3.2,182.5,dev
shader,B,uniform_matched,0.25,heldout,12,1.0615,0.9433,1.1337,0.9902,0.9118,1.0000,654,652,0.0,46.5,1.0,0.0000,0,0.0,3.2,182.5,dev
shader,B,uniform_matched,0.5,all,12,1.0307,0.9742,1.1570,1.0000,0.9533,1.1591,607,652,255.5,164.0,10.0,0.3822,0,0.0,198.8,182.5,dev
shader,B,uniform_matched,0.5,heldout,12,1.0000,0.9742,1.0988,0.9942,0.9500,1.0294,644,652,486.0,212.5,9.5,0.4110,0,0.0,97.4,182.5,dev
shader,B/2,bilinear,0.25,all,12,1.0542,0.9593,1.2444,0.9902,0.9118,1.0345,654,657,0.0,46.5,1.0,0.0000,6090144,0.4,3.6,74.9,dev
shader,B/2,bilinear,0.25,heldout,12,1.0542,0.9593,1.2444,0.9902,0.9118,1.0345,654,657,0.0,46.5,1.0,0.0000,6090144,0.4,3.6,74.9,dev
shader,B/2,bilinear,0.5,all,12,1.0000,0.9633,1.0963,1.0000,0.9000,1.0345,614,657,78.0,99.0,3.5,0.3552,30355360,2.2,17.0,74.9,dev
shader,B/2,bilinear,0.5,heldout,12,0.9991,0.9172,1.0963,0.9961,0.8750,1.0345,615,657,45.0,75.5,3.0,0.3587,18482336,1.3,10.9,74.9,dev
shader,B/2,identity,0,-,12,1.0000,1.0000,1.0000,1.0000,1.0000,1.0000,657,657,2300.0,997.5,3.5,1.0000,0,0.0,74.9,74.9,dev
shader,B/2,per_rule,0.25,heldout,12,1.0913,1.0215,1.2444,1.0000,0.9533,1.0345,654,657,93.0,88.5,2.0,0.7168,0,0.0,6.6,74.9,dev
shader,B/2,per_rule,0.5,heldout,12,1.0366,1.0000,1.1583,1.0000,0.9500,1.0882,620,657,536.0,230.5,6.0,0.6539,0,0.0,38.9,74.9,dev
shader,B/2,uniform,0.25,-,12,1.0276,0.9549,1.1570,0.9942,0.9000,1.0130,625,657,28.5,69.0,4.5,0.2643,0,0.0,35.5,74.9,dev
shader,B/2,uniform,0.5,-,12,1.0118,0.9827,1.1047,1.0000,0.9771,1.0000,661,657,1371.5,827.5,7.5,0.4868,0,0.0,120.7,74.9,dev
shader,B/2,uniform_matched,0.25,all,12,1.0542,0.9593,1.2444,0.9902,0.9118,1.0345,654,657,0.0,46.5,1.0,0.0000,0,0.0,3.2,74.9,dev
shader,B/2,uniform_matched,0.25,heldout,12,1.0542,0.9593,1.2444,0.9902,0.9118,1.0345,654,657,0.0,46.5,1.0,0.0000,0,0.0,3.3,74.9,dev
shader,B/2,uniform_matched,0.5,all,12,1.0334,0.9925,1.1185,1.0000,0.9533,1.0000,644,657,255.5,164.0,9.0,0.3816,0,0.0,139.2,74.9,dev
shader,B/2,uniform_matched,0.5,heldout,12,1.0000,0.9870,1.1185,1.0000,0.9500,1.0294,644,657,486.0,212.5,9.0,0.3873,0,0.0,77.8,74.9,dev
shader,B/4,bilinear,0.25,all,12,1.0541,0.9607,1.2099,0.9961,0.9118,1.0345,654,653,0.0,46.5,1.0,0.0000,6090144,0.4,4.6,41.9,dev
shader,B/4,bilinear,0.25,heldout,12,1.0541,0.9607,1.2099,0.9961,0.9118,1.0345,654,653,0.0,46.5,1.0,0.0000,6090144,0.4,3.6,41.9,dev
shader,B/4,bilinear,0.5,all,12,1.0000,0.9409,1.0672,0.9953,0.9000,1.0130,614,653,78.0,99.0,3.5,0.3552,30355360,2.2,17.0,41.9,dev
shader,B/4,bilinear,0.5,heldout,12,1.0000,0.9185,1.0810,0.9961,0.8750,1.0345,615,653,45.0,75.5,3.0,0.3587,18482336,1.4,12.3,41.9,dev
shader,B/4,identity,0,-,12,1.0000,1.0000,1.0000,1.0000,1.0000,1.0000,653,653,1149.5,610.5,3.0,1.0000,0,0.0,41.9,41.9,dev
shader,B/4,per_rule,0.25,heldout,12,1.0913,1.0215,1.2099,1.0000,0.9533,1.0345,654,653,93.0,88.5,2.0,0.7168,0,0.0,8.5,41.9,dev
shader,B/4,per_rule,0.5,heldout,12,1.0366,0.9768,1.1340,1.0000,0.9500,1.0882,620,653,471.5,217.5,5.0,0.6602,0,0.0,33.8,41.9,dev
shader,B/4,uniform,0.25,-,12,1.0218,0.9563,1.1570,0.9921,0.9000,1.0130,625,653,28.5,69.0,4.5,0.2643,0,0.0,37.8,41.9,dev
shader,B/4,uniform,0.5,-,12,1.0283,0.9515,1.1047,1.0000,0.9500,1.0000,643,653,701.5,473.0,6.0,0.4896,0,0.0,71.0,41.9,dev
shader,B/4,uniform_matched,0.25,all,12,1.0541,0.9607,1.2099,0.9961,0.9118,1.0345,654,653,0.0,46.5,1.0,0.0000,0,0.0,3.2,41.9,dev
shader,B/4,uniform_matched,0.25,heldout,12,1.0541,0.9607,1.2099,0.9961,0.9118,1.0345,654,653,0.0,46.5,1.0,0.0000,0,0.0,3.7,41.9,dev
shader,B/4,uniform_matched,0.5,all,12,1.0321,0.9925,1.1185,1.0000,0.9533,1.0000,642,653,255.5,164.0,9.0,0.3835,0,0.0,69.8,41.9,dev
shader,B/4,uniform_matched,0.5,heldout,12,1.0258,0.9641,1.1185,1.0000,0.9500,1.0968,607,653,435.5,212.5,8.5,0.3671,0,0.0,73.0,41.9,dev
shader,B/8,bilinear,0.25,all,12,1.0702,0.9593,1.1649,0.9961,0.9118,1.0345,654,658,0.0,46.5,1.0,0.0000,6090144,0.4,3.7,22.1,dev
shader,B/8,bilinear,0.25,heldout,12,1.0702,0.9593,1.1649,0.9961,0.9118,1.0345,654,658,0.0,46.5,1.0,0.0000,6090144,0.4,3.6,22.1,dev
shader,B/8,bilinear,0.5,all,12,1.0000,0.9826,1.0672,1.0000,0.9000,1.0192,614,658,78.0,99.0,3.5,0.3548,30226656,2.2,17.1,22.1,dev
shader,B/8,bilinear,0.5,heldout,12,1.0000,0.9172,1.0698,0.9864,0.8750,1.0130,615,658,42.5,73.5,3.0,0.3623,18096032,1.2,10.6,22.1,dev
shader,B/8,identity,0,-,12,1.0000,1.0000,1.0000,1.0000,1.0000,1.0000,658,658,574.5,409.5,2.0,1.0000,0,0.0,22.1,22.1,dev
shader,B/8,per_rule,0.25,heldout,12,1.0956,1.0215,1.1649,1.0000,0.9403,1.0345,654,658,93.0,88.5,2.0,0.7134,0,0.0,6.6,22.1,dev
shader,B/8,per_rule,0.5,heldout,12,1.0499,1.0000,1.1134,1.0048,0.9500,1.0588,620,658,299.5,184.0,4.5,0.6685,0,0.0,24.8,22.1,dev
shader,B/8,uniform,0.25,-,12,1.0358,0.9549,1.1570,0.9825,0.9000,1.0000,625,658,28.5,69.0,4.5,0.2643,0,0.0,35.6,22.1,dev
shader,B/8,uniform,0.5,-,12,1.0281,1.0000,1.0672,1.0000,0.9500,1.0096,635,658,573.5,254.5,5.0,0.4995,0,0.0,40.9,22.1,dev
shader,B/8,uniform_matched,0.25,all,12,1.0702,0.9593,1.1649,0.9961,0.9118,1.0345,654,658,0.0,46.5,1.0,0.0000,0,0.0,3.2,22.1,dev
shader,B/8,uniform_matched,0.25,heldout,12,1.0702,0.9593,1.1649,0.9961,0.9118,1.0345,654,658,0.0,46.5,1.0,0.0000,0,0.0,3.2,22.1,dev
shader,B/8,uniform_matched,0.5,all,12,1.0321,0.9925,1.1185,1.0000,0.9643,1.0000,638,658,252.0,162.5,7.0,0.3835,0,0.0,38.3,22.1,dev
shader,B/8,uniform_matched,0.5,heldout,12,1.0150,0.9925,1.0988,1.0000,0.9500,1.0294,630,658,258.5,194.0,7.5,0.3529,0,0.0,51.5,22.1,dev
bold_bench,B,bilinear,0.25,all,3,1.0051,0.9681,1.2277,1.0124,1.0048,1.0505,13505,9154,1470.0,4997.0,1.0,0.4549,89598176,6.0,62.0,56.3,held_out
bold_bench,B,bilinear,0.5,all,3,1.0000,1.0000,1.0150,1.0000,0.9956,1.0000,9154,9154,2200.0,5000.0,1.0,0.7896,81901248,6.2,54.7,56.3,held_out
bold_bench,B,identity,0,-,3,1.0000,1.0000,1.0000,1.0000,1.0000,1.0000,9154,9154,2218.0,5000.0,1.0,1.0000,0,0.0,56.3,56.3,held_out
bold_bench,B,uniform,0.25,-,3,1.0011,0.9687,1.1242,1.0019,0.9846,1.0046,13327,9154,1078.0,4142.0,1.0,0.2534,0,0.0,65.1,56.3,held_out
bold_bench,B,uniform,0.5,-,3,0.9970,0.9724,1.0638,1.0024,0.9974,1.0110,12500,9154,1791.0,4570.0,1.0,0.5066,0,0.0,60.7,56.3,held_out
bold_bench,B,uniform_matched,0.25,all,3,1.0022,0.9579,1.1159,1.0024,0.9802,1.0046,13301,9154,2174.0,5000.0,1.0,0.2971,0,0.0,92.9,56.3,held_out
bold_bench,B,uniform_matched,0.5,all,3,1.0002,1.0000,1.1107,1.0000,1.0000,1.0242,9825,9154,2216.0,5000.0,1.0,0.7824,0,0.0,46.1,56.3,held_out
bold_bench,B/2,bilinear,0.25,all,3,1.0000,1.0000,1.0802,1.0000,1.0000,1.0236,13703,12692,1109.0,4020.0,1.0,0.3628,72198560,4.8,32.9,19.2,held_out
bold_bench,B/2,bilinear,0.5,all,3,1.0000,0.9584,1.0000,1.0000,0.9893,1.0000,12689,12692,1109.0,4020.0,1.0,0.9602,41036192,2.7,23.9,19.2,held_out
bold_bench,B/2,identity,0,-,3,1.0000,1.0000,1.0000,1.0000,1.0000,1.0000,12692,12692,1109.0,4020.0,1.0,1.0000,0,0.0,19.2,19.2,held_out
bold_bench,B/2,uniform,0.25,-,3,0.9988,0.9881,1.0101,0.9924,0.9486,1.0024,13676,12692,434.0,3211.0,1.0,0.2495,0,0.0,33.4,19.2,held_out
bold_bench,B/2,uniform,0.5,-,3,0.9920,0.9871,1.0079,0.9968,0.9743,1.0034,13690,12692,766.0,3554.0,1.0,0.5116,0,0.0,20.3,19.2,held_out
bold_bench,B/2,uniform_matched,0.25,all,3,1.0000,0.9990,1.0000,1.0000,0.9615,1.0000,13591,12692,1109.0,4020.0,1.0,0.3075,0,0.0,43.8,19.2,held_out
bold_bench,B/2,uniform_matched,0.5,all,3,1.0000,0.9782,1.0000,1.0000,0.9593,1.0000,12680,12692,1109.0,4020.0,1.0,0.9598,0,0.0,20.6,19.2,held_out
bold_bench,B/4,bilinear,0.25,all,3,1.0000,0.9584,1.0000,1.0000,0.9715,1.0000,13731,12783,554.0,3497.0,1.0,0.4081,42482368,2.9,22.4,12.5,held_out
bold_bench,B/4,bilinear,0.5,all,3,1.0000,0.9924,1.0000,1.0000,0.9959,1.0000,12783,12783,554.0,3497.0,1.0,0.9273,23147168,1.4,13.1,12.5,held_out
bold_bench,B/4,identity,0,-,3,1.0000,1.0000,1.0000,1.0000,1.0000,1.0000,12783,12783,554.0,3497.0,1.0,1.0000,0,0.0,12.5,12.5,held_out
bold_bench,B/4,uniform,0.25,-,3,1.0101,0.8753,1.0110,0.9968,0.8943,1.0024,13778,12783,163.0,2992.0,1.0,0.2439,0,0.0,23.1,12.5,held_out
bold_bench,B/4,uniform,0.5,-,3,1.0079,0.8659,1.0079,1.0032,0.9167,1.0034,13748,12783,321.0,3186.0,1.0,0.5112,0,0.0,15.4,12.5,held_out
bold_bench,B/4,uniform_matched,0.25,all,3,1.0000,0.8899,1.0000,1.0000,0.9431,1.0000,13626,12783,554.0,3497.0,1.0,0.4229,0,0.0,20.6,12.5,held_out
bold_bench,B/4,uniform_matched,0.5,all,3,1.0000,1.0000,1.0009,1.0000,1.0000,1.0041,12780,12783,554.0,3497.0,1.0,0.9241,0,0.0,13.1,12.5,held_out
bold_bench,B/8,bilinear,0.25,all,3,1.0000,1.0000,1.0146,1.0000,0.9935,1.0000,13904,12950,277.0,3220.0,1.0,0.7319,14399552,0.9,9.8,8.6,held_out
bold_bench,B/8,bilinear,0.5,all,3,1.0000,1.0000,1.0000,1.0000,1.0000,1.0000,12950,12950,277.0,3220.0,1.0,0.9857,11724736,0.7,9.9,8.6,held_out
bold_bench,B/8,identity,0,-,3,1.0000,1.0000,1.0000,1.0000,1.0000,1.0000,12950,12950,277.0,3220.0,1.0,1.0000,0,0.0,8.6,8.6,held_out
bold_bench,B/8,uniform,0.25,-,3,0.9946,0.9567,1.0110,0.9968,0.9695,1.0102,13820,12950,97.0,2926.0,1.0,0.2477,0,0.0,14.5,8.6,held_out
bold_bench,B/8,uniform,0.5,-,3,0.9963,0.9679,1.0079,1.0032,0.9826,1.0150,13993,12950,189.0,3054.0,1.0,0.5008,0,0.0,13.4,8.6,held_out
bold_bench,B/8,uniform_matched,0.25,all,3,1.0000,0.9888,1.0000,1.0000,1.0000,1.0109,13959,12950,277.0,3220.0,1.0,0.7371,0,0.0,9.8,8.6,held_out
bold_bench,B/8,uniform_matched,0.5,all,3,1.0000,0.9969,1.0000,1.0000,0.9978,1.0000,12950,12950,277.0,3220.0,1.0,0.9816,0,0.0,8.7,8.6,held_out
bold_bench_wide,B,bilinear,0.25,all,1,0.9681,0.9681,0.9681,1.0124,1.0124,1.0124,5052,1742,2122.0,4997.0,1.0,0.9654,22948192,1.3,17.2,15.7,held_out
bold_bench_wide,B,bilinear,0.5,all,1,1.0000,1.0000,1.0000,1.0000,1.0000,1.0000,1742,1742,2200.0,5000.0,1.0,0.9892,23022048,1.5,18.5,15.7,held_out
bold_bench_wide,B,identity,0,-,1,1.0000,1.0000,1.0000,1.0000,1.0000,1.0000,1742,1742,2218.0,5000.0,1.0,1.0000,0,0.0,15.7,15.7,held_out
bold_bench_wide,B,uniform,0.25,-,1,0.9687,0.9687,0.9687,1.0046,1.0046,1.0046,5032,1742,1078.0,4152.0,1.0,0.2460,0,0.0,17.8,15.7,held_out
bold_bench_wide,B,uniform,0.5,-,1,0.9724,0.9724,0.9724,0.9974,0.9974,0.9974,5054,1742,1791.0,4897.0,1.0,0.5071,0,0.0,18.6,15.7,held_out
bold_bench_wide,B,uniform_matched,0.25,all,1,0.9579,0.9579,0.9579,1.0046,1.0046,1.0046,5014,1742,2174.0,5000.0,1.0,0.9701,0,0.0,16.9,15.7,held_out
bold_bench_wide,B,uniform_matched,0.5,all,1,1.0002,1.0002,1.0002,1.0000,1.0000,1.0000,1742,1742,2216.0,5000.0,1.0,0.9884,0,0.0,17.4,15.7,held_out
bold_bench_wide,B/2,bilinear,0.25,all,1,1.0000,1.0000,1.0000,1.0000,1.0000,1.0000,5250,5250,1109.0,4020.0,1.0,1.0000,11745792,0.7,5.6,4.2,held_out
bold_bench_wide,B/2,bilinear,0.5,all,1,1.0000,1.0000,1.0000,1.0000,1.0000,1.0000,5250,5250,1109.0,4020.0,1.0,1.0000,11745792,0.8,5.5,4.2,held_out
bold_bench_wide,B/2,identity,0,-,1,1.0000,1.0000,1.0000,1.0000,1.0000,1.0000,5250,5250,1109.0,4020.0,1.0,1.0000,0,0.0,4.2,4.2,held_out
bold_bench_wide,B/2,uniform,0.25,-,1,0.9988,0.9988,0.9988,0.9924,0.9924,0.9924,5283,5250,434.0,3211.0,1.0,0.2449,0,0.0,4.0,4.2,held_out
bold_bench_wide,B/2,uniform,0.5,-,1,0.9920,0.9920,0.9920,0.9968,0.9968,0.9968,5278,5250,766.0,3554.0,1.0,0.4863,0,0.0,4.3,4.2,held_out
bold_bench_wide,B/2,uniform_matched,0.25,all,1,1.0000,1.0000,1.0000,1.0000,1.0000,1.0000,5250,5250,1109.0,4020.0,1.0,1.0000,0,0.0,5.2,4.2,held_out
bold_bench_wide,B/2,uniform_matched,0.5,all,1,1.0000,1.0000,1.0000,1.0000,1.0000,1.0000,5250,5250,1109.0,4020.0,1.0,1.0000,0,0.0,4.3,4.2,held_out
bold_bench_wide,B/4,bilinear,0.25,all,1,1.0000,1.0000,1.0000,1.0000,1.0000,1.0000,5278,5278,554.0,3497.0,1.0,1.0000,5866112,0.3,4.8,4.1,held_out
bold_bench_wide,B/4,bilinear,0.5,all,1,1.0000,1.0000,1.0000,1.0000,1.0000,1.0000,5278,5278,554.0,3497.0,1.0,1.0000,5866112,0.3,4.1,4.1,held_out
bold_bench_wide,B/4,identity,0,-,1,1.0000,1.0000,1.0000,1.0000,1.0000,1.0000,5278,5278,554.0,3497.0,1.0,1.0000,0,0.0,4.1,4.1,held_out
bold_bench_wide,B/4,uniform,0.25,-,1,1.0110,1.0110,1.0110,0.9968,0.9968,0.9968,5384,5278,163.0,2992.0,1.0,0.2306,0,0.0,3.5,4.1,held_out
bold_bench_wide,B/4,uniform,0.5,-,1,1.0079,1.0079,1.0079,1.0032,1.0032,1.0032,5385,5278,321.0,3186.0,1.0,0.4842,0,0.0,3.8,4.1,held_out
bold_bench_wide,B/4,uniform_matched,0.25,all,1,1.0000,1.0000,1.0000,1.0000,1.0000,1.0000,5278,5278,554.0,3497.0,1.0,1.0000,0,0.0,3.8,4.1,held_out
bold_bench_wide,B/4,uniform_matched,0.5,all,1,1.0000,1.0000,1.0000,1.0000,1.0000,1.0000,5278,5278,554.0,3497.0,1.0,1.0000,0,0.0,3.7,4.1,held_out
bold_bench_wide,B/8,bilinear,0.25,all,1,1.0000,1.0000,1.0000,1.0000,1.0000,1.0000,5278,5278,277.0,3220.0,1.0,1.0000,2932320,0.2,3.8,3.5,held_out
bold_bench_wide,B/8,bilinear,0.5,all,1,1.0000,1.0000,1.0000,1.0000,1.0000,1.0000,5278,5278,277.0,3220.0,1.0,1.0000,2932320,0.2,3.6,3.5,held_out
bold_bench_wide,B/8,identity,0,-,1,1.0000,1.0000,1.0000,1.0000,1.0000,1.0000,5278,5278,277.0,3220.0,1.0,1.0000,0,0.0,3.5,3.5,held_out
bold_bench_wide,B/8,uniform,0.25,-,1,1.0110,1.0110,1.0110,0.9968,0.9968,0.9968,5384,5278,97.0,2926.0,1.0,0.2256,0,0.0,3.4,3.5,held_out
bold_bench_wide,B/8,uniform,0.5,-,1,1.0079,1.0079,1.0079,1.0032,1.0032,1.0032,5385,5278,189.0,3054.0,1.0,0.4896,0,0.0,3.4,3.5,held_out
bold_bench_wide,B/8,uniform_matched,0.25,all,1,1.0000,1.0000,1.0000,1.0000,1.0000,1.0000,5278,5278,277.0,3220.0,1.0,1.0000,0,0.0,3.5,3.5,held_out
bold_bench_wide,B/8,uniform_matched,0.5,all,1,1.0000,1.0000,1.0000,1.0000,1.0000,1.0000,5278,5278,277.0,3220.0,1.0,1.0000,0,0.0,3.6,3.5,held_out
bold_glyph16,B,bilinear,0.25,all,93,1.0067,0.9667,1.9355,1.0564,1.0000,1.4286,256793,134840,1597.0,3739.0,1.0,0.4138,2572670464,179.2,1428.4,4139.6,held_out
bold_glyph16,B,bilinear,0.5,all,93,1.0005,0.9842,1.1714,1.0000,0.9864,1.1884,135318,134840,2447.0,4932.0,1.0,0.5287,3558268064,377.8,2504.9,4139.6,held_out
bold_glyph16,B,identity,0,-,93,1.0000,1.0000,1.0000,1.0000,1.0000,1.0000,134840,134840,3555.0,4930.0,1.0,1.0000,0,0.0,4139.6,4139.6,held_out
bold_glyph16,B,uniform,0.25,-,93,0.9896,0.9370,1.1898,1.0270,0.9538,1.1684,219405,134840,2696.0,3562.0,4.0,0.2505,0,0.0,11018.4,4139.6,held_out
bold_glyph16,B,uniform,0.5,-,93,0.9893,0.9256,1.1292,1.0209,0.9623,1.1549,190597,134840,3394.0,4163.0,2.0,0.4995,0,0.0,6015.5,4139.6,held_out
bold_glyph16,B,uniform_matched,0.25,all,93,1.0106,0.9395,1.9355,1.0147,0.9698,1.4286,174421,134840,2193.0,3816.0,1.0,0.3399,0,0.0,2088.3,4139.6,held_out
bold_glyph16,B,uniform_matched,0.5,all,93,1.0007,0.9436,1.2114,1.0049,0.9565,1.1408,151297,134840,3435.0,4809.0,1.0,0.3852,0,0.0,9658.2,4139.6,held_out
bold_glyph16,B/2,bilinear,0.25,all,93,1.0000,0.9708,1.8605,1.0426,1.0000,1.3684,260662,205446,1106.0,3091.0,1.0,0.5270,1272815200,89.5,583.5,1049.6,held_out
bold_glyph16,B/2,bilinear,0.5,all,93,1.0000,0.9973,1.1740,1.0000,1.0000,1.2273,205857,205446,1587.0,3436.0,1.0,0.4699,2680724320,304.5,1606.8,1049.6,held_out
bold_glyph16,B/2,identity,0,-,93,1.0000,1.0000,1.0000,1.0000,1.0000,1.0000,205446,205446,1777.0,3210.0,1.0,1.0000,0,0.0,1049.6,1049.6,held_out
bold_glyph16,B/2,uniform,0.25,-,93,1.0029,0.9298,1.1788,1.0167,0.9624,1.1579,238208,205446,1376.0,2596.0,3.0,0.2527,0,0.0,3955.5,1049.6,held_out
bold_glyph16,B/2,uniform,0.5,-,93,1.0012,0.9008,1.1250,1.0178,0.9666,1.1750,230336,205446,1554.0,2988.0,2.0,0.5002,0,0.0,2050.5,1049.6,held_out
bold_glyph16,B/2,uniform_matched,0.25,all,93,1.0000,0.9216,1.8605,1.0167,1.0000,1.3684,238773,205446,1126.0,2987.0,1.0,0.4009,0,0.0,856.3,1049.6,held_out
bold_glyph16,B/2,uniform_matched,0.5,all,93,1.0000,0.9944,1.1839,1.0057,1.0000,1.1860,211508,205446,1702.0,3235.0,1.0,0.3902,0,0.0,3323.8,1049.6,held_out
bold_glyph16,B/4,bilinear,0.25,all,93,1.0000,0.9846,1.7647,1.0000,1.0000,1.3421,262189,238079,554.0,2092.0,1.0,0.6486,617836576,43.9,351.7,529.4,held_out
bold_glyph16,B/4,bilinear,0.5,all,93,1.0000,1.0000,1.1104,1.0000,1.0000,1.1224,238214,238079,823.0,2235.0,1.0,0.4754,1449494048,157.6,860.2,529.4,held_out
bold_glyph16,B/4,identity,0,-,93,1.0000,1.0000,1.0000,1.0000,1.0000,1.0000,238079,238079,888.0,2176.0,1.0,1.0000,0,0.0,529.4,529.4,held_out
bold_glyph16,B/4,uniform,0.25,-,93,1.0100,0.9652,1.1613,1.0027,0.9762,1.1493,251996,238079,596.0,1861.0,2.0,0.2531,0,0.0,1482.5,529.4,held_out
bold_glyph16,B/4,uniform,0.5,-,93,1.0083,0.9684,1.0824,1.0020,0.9645,1.1312,243495,238079,803.0,2163.0,1.0,0.5014,0,0.0,891.0,529.4,held_out
bold_glyph16,B/4,uniform_matched,0.25,all,93,1.0000,0.9983,1.7647,1.0000,0.9811,1.3421,242175,238079,563.0,2097.0,1.0,0.4711,0,0.0,445.6,529.4,held_out
bold_glyph16,B/4,uniform_matched,0.5,all,93,1.0000,1.0000,1.1745,1.0000,1.0000,1.1478,241386,238079,869.0,2176.0,1.0,0.4235,0,0.0,1122.2,529.4,held_out
bold_glyph16,B/8,bilinear,0.25,all,93,1.0000,1.0000,1.6327,1.0000,1.0000,1.2679,264180,254946,277.0,1678.0,1.0,0.6942,323903104,21.7,242.5,299.3,held_out
bold_glyph16,B/8,bilinear,0.5,all,93,1.0000,1.0000,1.1106,1.0000,1.0000,1.0942,255102,254946,444.0,1680.0,1.0,0.4994,764574592,80.5,500.8,299.3,held_out
bold_glyph16,B/8,identity,0,-,93,1.0000,1.0000,1.0000,1.0000,1.0000,1.0000,254946,254946,444.0,1680.0,1.0,1.0000,0,0.0,299.3,299.3,held_out
bold_glyph16,B/8,uniform,0.25,-,93,1.0101,0.9912,1.2222,1.0000,0.9836,1.1333,261323,254946,189.0,1464.0,1.0,0.2569,0,0.0,653.5,299.3,held_out
bold_glyph16,B/8,uniform,0.5,-,93,1.0062,0.9804,1.1726,1.0000,0.9809,1.1435,257044,254946,323.0,1527.0,1.0,0.4971,0,0.0,465.2,299.3,held_out
bold_glyph16,B/8,uniform_matched,0.25,all,93,1.0000,0.9987,1.6327,1.0000,1.0000,1.2679,261059,254946,281.0,1680.0,1.0,0.5207,0,0.0,279.7,299.3,held_out
bold_glyph16,B/8,uniform_matched,0.5,all,93,1.0000,1.0000,1.1565,1.0000,1.0000,1.1379,255719,254946,434.0,1680.0,1.0,0.4829,0,0.0,468.7,299.3,held_out
bold_glyph32,B,bilinear,0.25,all,93,1.0067,0.9667,1.9355,1.0564,1.0000,1.4286,256793,134840,1597.0,3739.0,1.0,0.4138,2572670464,177.3,1433.9,4285.9,held_out
bold_glyph32,B,bilinear,0.5,all,93,1.0005,0.9842,1.1714,1.0000,0.9864,1.1884,135318,134840,2447.0,4932.0,1.0,0.5287,3558268064,392.1,2559.6,4285.9,held_out
bold_glyph32,B,identity,0,-,93,1.0000,1.0000,1.0000,1.0000,1.0000,1.0000,134840,134840,3555.0,4930.0,1.0,1.0000,0,0.0,4285.9,4285.9,held_out
bold_glyph32,B,uniform,0.25,-,93,0.9896,0.9370,1.1898,1.0270,0.9538,1.1553,219404,134840,2696.0,3562.0,4.0,0.2509,0,0.0,10983.2,4285.9,held_out
bold_glyph32,B,uniform,0.5,-,93,0.9893,0.9256,1.1292,1.0209,0.9584,1.1549,190572,134840,3394.0,4163.0,2.0,0.4996,0,0.0,6227.5,4285.9,held_out
bold_glyph32,B,uniform_matched,0.25,all,93,1.0106,0.9395,1.9355,1.0147,0.9698,1.4286,174421,134840,2193.0,3816.0,1.0,0.3399,0,0.0,2124.0,4285.9,held_out
bold_glyph32,B,uniform_matched,0.5,all,93,1.0003,0.9462,1.2114,1.0056,0.9565,1.1408,151294,134840,3435.0,4809.0,1.0,0.3837,0,0.0,10345.1,4285.9,held_out
bold_glyph32,B/2,bilinear,0.25,all,93,1.0000,0.9708,1.8605,1.0426,1.0000,1.3684,260662,205446,1106.0,3091.0,1.0,0.5270,1272815200,88.5,569.5,1076.7,held_out
bold_glyph32,B/2,bilinear,0.5,all,93,1.0000,0.9973,1.1740,1.0000,1.0000,1.2273,205857,205446,1587.0,3436.0,1.0,0.4699,2680724320,301.1,1629.6,1076.7,held_out
bold_glyph32,B/2,identity,0,-,93,1.0000,1.0000,1.0000,1.0000,1.0000,1.0000,205446,205446,1777.0,3210.0,1.0,1.0000,0,0.0,1076.7,1076.7,held_out
bold_glyph32,B/2,uniform,0.25,-,93,1.0029,0.9298,1.1788,1.0167,0.9624,1.1579,238208,205446,1376.0,2596.0,3.0,0.2527,0,0.0,4133.0,1076.7,held_out
bold_glyph32,B/2,uniform,0.5,-,93,1.0012,0.9008,1.1250,1.0178,0.9666,1.1750,230331,205446,1554.0,2988.0,2.0,0.4996,0,0.0,2273.5,1076.7,held_out
bold_glyph32,B/2,uniform_matched,0.25,all,93,1.0000,0.9216,1.8605,1.0167,1.0000,1.3684,238773,205446,1126.0,2987.0,1.0,0.4009,0,0.0,932.8,1076.7,held_out
bold_glyph32,B/2,uniform_matched,0.5,all,93,1.0000,0.9944,1.1864,1.0057,1.0000,1.1860,211491,205446,1702.0,3235.0,1.0,0.3890,0,0.0,3549.1,1076.7,held_out
bold_glyph32,B/4,bilinear,0.25,all,93,1.0000,0.9846,1.7647,1.0000,1.0000,1.3421,262189,238079,554.0,2092.0,1.0,0.6486,617836576,42.7,337.2,536.1,held_out
bold_glyph32,B/4,bilinear,0.5,all,93,1.0000,1.0000,1.1104,1.0000,1.0000,1.1224,238214,238079,823.0,2235.0,1.0,0.4754,1449494048,162.5,864.4,536.1,held_out
bold_glyph32,B/4,identity,0,-,93,1.0000,1.0000,1.0000,1.0000,1.0000,1.0000,238079,238079,888.0,2176.0,1.0,1.0000,0,0.0,536.1,536.1,held_out
bold_glyph32,B/4,uniform,0.25,-,93,1.0100,0.9652,1.1613,1.0027,0.9762,1.1493,251996,238079,596.0,1861.0,2.0,0.2531,0,0.0,1528.9,536.1,held_out
bold_glyph32,B/4,uniform,0.5,-,93,1.0083,0.9684,1.0824,1.0020,0.9645,1.1312,243495,238079,803.0,2163.0,1.0,0.5002,0,0.0,981.1,536.1,held_out
bold_glyph32,B/4,uniform_matched,0.25,all,93,1.0000,0.9983,1.7647,1.0000,0.9811,1.3421,242175,238079,563.0,2097.0,1.0,0.4711,0,0.0,456.0,536.1,held_out
bold_glyph32,B/4,uniform_matched,0.5,all,93,1.0000,1.0000,1.1745,1.0000,1.0000,1.1478,241386,238079,869.0,2176.0,1.0,0.4235,0,0.0,1169.7,536.1,held_out
bold_glyph32,B/8,bilinear,0.25,all,93,1.0000,1.0000,1.6327,1.0000,1.0000,1.2679,264180,254946,277.0,1678.0,1.0,0.6942,323903104,22.4,243.7,311.7,held_out
bold_glyph32,B/8,bilinear,0.5,all,93,1.0000,1.0000,1.1106,1.0000,1.0000,1.0942,255102,254946,444.0,1680.0,1.0,0.4994,764586240,82.5,507.4,311.7,held_out
bold_glyph32,B/8,identity,0,-,93,1.0000,1.0000,1.0000,1.0000,1.0000,1.0000,254946,254946,444.0,1680.0,1.0,1.0000,0,0.0,311.7,311.7,held_out
bold_glyph32,B/8,uniform,0.25,-,93,1.0101,0.9912,1.2222,1.0000,0.9836,1.1333,261323,254946,189.0,1464.0,1.0,0.2569,0,0.0,671.6,311.7,held_out
bold_glyph32,B/8,uniform,0.5,-,93,1.0062,0.9804,1.1726,1.0000,0.9811,1.1435,257050,254946,323.0,1527.0,1.0,0.4963,0,0.0,493.2,311.7,held_out
bold_glyph32,B/8,uniform_matched,0.25,all,93,1.0000,0.9987,1.6327,1.0000,1.0000,1.2679,261059,254946,281.0,1680.0,1.0,0.5207,0,0.0,283.4,311.7,held_out
bold_glyph32,B/8,uniform_matched,0.5,all,93,1.0000,1.0000,1.1565,1.0000,1.0000,1.1379,255718,254946,434.0,1680.0,1.0,0.4817,0,0.0,495.5,311.7,held_out
chrome,B,bilinear,0.25,all,1,1.1643,1.1643,1.1643,0.9953,0.9953,0.9953,705,614,3824.0,3828.0,2.0,0.4985,48595904,3.5,19.6,22.0,held_out
chrome,B,bilinear,0.5,all,1,1.0072,1.0072,1.0072,1.0000,1.0000,1.0000,617,614,5361.0,4921.0,2.0,0.9573,36208288,3.1,24.2,22.0,held_out
chrome,B,identity,0,-,1,1.0000,1.0000,1.0000,1.0000,1.0000,1.0000,614,614,5502.0,4944.0,2.0,1.0000,0,0.0,22.0,22.0,held_out
chrome,B,uniform,0.25,-,1,1.1205,1.1205,1.1205,1.1355,1.1355,1.1355,668,614,3866.0,3437.0,6.0,0.2533,0,0.0,32.9,22.0,held_out
chrome,B,uniform,0.5,-,1,1.0845,1.0845,1.0845,1.1636,1.1636,1.1636,636,614,5037.0,4146.0,3.0,0.5121,0,0.0,25.2,22.0,held_out
chrome,B,uniform_matched,0.25,all,1,1.1025,1.1025,1.1025,1.1402,1.1402,1.1402,654,614,5011.0,4086.0,3.0,0.5060,0,0.0,23.5,22.0,held_out
chrome,B,uniform_matched,0.5,all,1,1.0108,1.0108,1.0108,1.0187,1.0187,1.0187,618,614,5466.0,4928.0,2.0,0.9569,0,0.0,21.8,22.0,held_out
chrome,B/2,bilinear,0.25,all,1,1.1560,1.1560,1.1560,0.9953,0.9953,0.9953,705,606,2546.0,2817.0,2.0,0.6184,30752192,2.2,10.6,10.3,held_out
chrome,B/2,bilinear,0.5,all,1,1.0048,1.0048,1.0048,1.0047,1.0047,1.0047,607,606,2751.0,3424.0,2.0,0.9659,21144256,1.5,11.5,10.3,held_out
chrome,B/2,identity,0,-,1,1.0000,1.0000,1.0000,1.0000,1.0000,1.0000,606,606,2751.0,3412.0,2.0,1.0000,0,0.0,10.3,10.3,held_out
chrome,B/2,uniform,0.25,-,1,1.1214,1.1214,1.1214,1.1028,1.1028,1.1028,672,606,2435.0,2476.0,5.0,0.2542,0,0.0,23.9,10.3,held_out
chrome,B/2,uniform,0.5,-,1,1.0661,1.0661,1.0661,1.0794,1.0794,1.0794,641,606,2585.0,2600.0,3.0,0.5025,0,0.0,13.4,10.3,held_out
chrome,B/2,uniform_matched,0.25,all,1,1.1554,1.1554,1.1554,1.1449,1.1449,1.1449,702,606,2495.0,2878.0,2.0,0.6118,0,0.0,8.5,10.3,held_out
chrome,B/2,uniform_matched,0.5,all,1,1.0077,1.0077,1.0077,1.0047,1.0047,1.0047,612,606,2730.0,3265.0,2.0,0.9657,0,0.0,10.1,10.3,held_out
chrome,B/4,bilinear,0.25,all,1,1.0000,1.0000,1.0000,0.9643,0.9643,0.9643,705,702,833.0,1617.0,1.0,0.4107,15865024,1.0,6.3,2.9,held_out
chrome,B/4,bilinear,0.5,all,1,1.0026,1.0026,1.0026,0.9866,0.9866,0.9866,704,702,1375.0,2228.0,1.0,0.9341,11779520,0.8,3.8,2.9,held_out
chrome,B/4,identity,0,-,1,1.0000,1.0000,1.0000,1.0000,1.0000,1.0000,702,702,1375.0,2151.0,1.0,1.0000,0,0.0,2.9,2.9,held_out
chrome,B/4,uniform,0.25,-,1,0.9499,0.9499,0.9499,1.0045,1.0045,1.0045,664,702,1085.0,1409.0,4.0,0.2645,0,0.0,10.8,2.9,held_out
chrome,B/4,uniform,0.5,-,1,0.9387,0.9387,0.9387,0.9866,0.9866,0.9866,657,702,1290.0,1713.0,2.0,0.4851,0,0.0,6.3,2.9,held_out
chrome,B/4,uniform_matched,0.25,all,1,0.9443,0.9443,0.9443,1.0670,1.0670,1.0670,645,702,1185.0,1729.0,2.0,0.4142,0,0.0,9.4,2.9,held_out
chrome,B/4,uniform_matched,0.5,all,1,1.0020,1.0020,1.0020,0.9866,0.9866,0.9866,703,702,1362.0,2100.0,1.0,0.9426,0,0.0,2.9,2.9,held_out
chrome,B/8,bilinear,0.25,all,1,1.0088,1.0088,1.0088,1.0093,1.0093,1.0093,705,704,598.0,1337.0,1.0,0.7302,7978432,0.5,2.5,1.9,held_out
chrome,B/8,bilinear,0.5,all,1,1.0062,1.0062,1.0062,1.0234,1.0234,1.0234,704,704,687.0,1438.0,1.0,0.8763,7663936,0.5,2.6,1.9,held_out
chrome,B/8,identity,0,-,1,1.0000,1.0000,1.0000,1.0000,1.0000,1.0000,704,704,687.0,1268.0,1.0,1.0000,0,0.0,1.9,1.9,held_out
chrome,B/8,uniform,0.25,-,1,0.9814,0.9814,0.9814,1.0514,1.0514,1.0514,674,704,562.0,1027.0,3.0,0.2670,0,0.0,6.9,1.9,held_out
chrome,B/8,uniform,0.5,-,1,0.9361,0.9361,0.9361,1.0047,1.0047,1.0047,652,704,616.0,1177.0,2.0,0.4805,0,0.0,5.8,1.9,held_out
chrome,B/8,uniform_matched,0.25,all,1,1.0180,1.0180,1.0180,1.0280,1.0280,1.0280,705,704,681.0,1323.0,1.0,0.7229,0,0.0,2.3,1.9,held_out
chrome,B/8,uniform_matched,0.5,all,1,1.0165,1.0165,1.0165,1.0234,1.0234,1.0234,707,704,678.0,1345.0,1.0,0.8817,0,0.0,2.0,1.9,held_out
chrome_channel,B,bilinear,0.25,all,1,1.1622,1.1622,1.1622,0.9818,0.9818,0.9818,505,433,3520.0,3505.0,2.0,0.4651,45726688,3.6,18.3,20.5,held_out
chrome_channel,B,bilinear,0.5,all,1,0.9915,0.9915,0.9915,0.9758,0.9758,0.9758,425,433,5344.0,4876.0,2.0,0.9442,36454944,3.2,23.0,20.5,held_out
chrome_channel,B,identity,0,-,1,1.0000,1.0000,1.0000,1.0000,1.0000,1.0000,433,433,5626.0,4903.0,2.0,1.0000,0,0.0,20.5,20.5,held_out
chrome_channel,B,uniform,0.25,-,1,1.0769,1.0769,1.0769,1.0848,1.0848,1.0848,440,433,4329.0,3399.0,6.0,0.2609,0,0.0,36.3,20.5,held_out
chrome_channel,B,uniform,0.5,-,1,1.0430,1.0430,1.0430,1.0364,1.0364,1.0364,429,433,4387.0,3971.0,3.0,0.4965,0,0.0,20.9,20.5,held_out
chrome_channel,B,uniform_matched,0.25,all,1,1.0719,1.0719,1.0719,1.0909,1.0909,1.0909,447,433,5545.0,4179.0,4.0,0.4686,0,0.0,25.1,20.5,held_out
chrome_channel,B,uniform_matched,0.5,all,1,0.9951,0.9951,0.9951,1.0121,1.0121,1.0121,426,433,5340.0,4860.0,2.0,0.9420,0,0.0,21.8,20.5,held_out
chrome_channel,B/2,bilinear,0.25,all,1,1.1780,1.1780,1.1780,1.0000,1.0000,1.0000,505,414,2813.0,3033.0,2.0,0.6409,30297664,2.3,10.6,9.0,held_out
chrome_channel,B/2,bilinear,0.5,all,1,1.0057,1.0057,1.0057,1.0062,1.0062,1.0062,415,414,2813.0,3205.0,2.0,0.9727,20514816,1.7,10.9,9.0,held_out
chrome_channel,B/2,identity,0,-,1,1.0000,1.0000,1.0000,1.0000,1.0000,1.0000,414,414,2813.0,3146.0,2.0,1.0000,0,0.0,9.0,9.0,held_out
chrome_channel,B/2,uniform,0.25,-,1,1.0951,1.0951,1.0951,1.0926,1.0926,1.0926,446,414,2534.0,2371.0,5.0,0.2585,0,0.0,19.9,9.0,held_out
chrome_channel,B/2,uniform,0.5,-,1,1.1187,1.1187,1.1187,1.1481,1.1481,1.1481,458,414,2335.0,2349.0,3.0,0.4973,0,0.0,10.6,9.0,held_out
chrome_channel,B/2,uniform_matched,0.25,all,1,1.1508,1.1508,1.1508,1.1111,1.1111,1.1111,481,414,2582.0,2751.0,2.0,0.6267,0,0.0,7.9,9.0,held_out
chrome_channel,B/2,uniform_matched,0.5,all,1,1.0050,1.0050,1.0050,1.0062,1.0062,1.0062,416,414,2813.0,3081.0,2.0,0.9761,0,0.0,8.4,9.0,held_out
chrome_channel,B/4,bilinear,0.25,all,1,0.9946,0.9946,0.9946,0.9643,0.9643,0.9643,505,502,1406.0,1740.0,2.0,0.5471,19002720,1.3,6.6,2.6,held_out
chrome_channel,B/4,bilinear,0.5,all,1,1.0030,1.0030,1.0030,1.0000,1.0000,1.0000,504,502,1406.0,2068.0,1.0,0.9468,11242528,0.8,3.5,2.6,held_out
chrome_channel,B/4,identity,0,-,1,1.0000,1.0000,1.0000,1.0000,1.0000,1.0000,502,502,1406.0,2024.0,1.0,1.0000,0,0.0,2.6,2.6,held_out
chrome_channel,B/4,uniform,0.25,-,1,0.9662,0.9662,0.9662,1.0536,1.0536,1.0536,472,502,1085.0,1350.0,4.0,0.2547,0,0.0,10.2,2.6,held_out
chrome_channel,B/4,uniform,0.5,-,1,0.9348,0.9348,0.9348,1.0119,1.0119,1.0119,458,502,1282.0,1670.0,2.0,0.4961,0,0.0,5.5,2.6,held_out
chrome_channel,B/4,uniform_matched,0.25,all,1,0.9107,0.9107,0.9107,1.0179,1.0179,1.0179,444,502,1369.0,1771.0,2.0,0.5552,0,0.0,5.8,2.6,held_out
chrome_channel,B/4,uniform_matched,0.5,all,1,1.0121,1.0121,1.0121,1.0476,1.0476,1.0476,509,502,1383.0,1988.0,1.0,0.9486,0,0.0,2.7,2.6,held_out
chrome_channel,B/8,bilinear,0.25,all,1,1.0061,1.0061,1.0061,0.9819,0.9819,0.9819,505,502,505.0,1085.0,1.0,0.6189,7742752,0.5,2.1,1.7,held_out
chrome_channel,B/8,bilinear,0.5,all,1,1.0091,1.0091,1.0091,1.0301,1.0301,1.0301,504,502,703.0,1348.0,1.0,0.8990,7308160,0.5,2.3,1.7,held_out
chrome_channel,B/8,identity,0,-,1,1.0000,1.0000,1.0000,1.0000,1.0000,1.0000,502,502,703.0,1240.0,1.0,1.0000,0,0.0,1.7,1.7,held_out
chrome_channel,B/8,uniform,0.25,-,1,0.9721,0.9721,0.9721,1.0482,1.0482,1.0482,468,502,538.0,925.0,3.0,0.2555,0,0.0,5.6,1.7,held_out
chrome_channel,B/8,uniform,0.5,-,1,0.9332,0.9332,0.9332,0.9880,0.9880,0.9880,453,502,605.0,981.0,2.0,0.4805,0,0.0,3.7,1.7,held_out
chrome_channel,B/8,uniform_matched,0.25,all,1,0.9375,0.9375,0.9375,0.9880,0.9880,0.9880,446,502,632.0,1133.0,1.0,0.6377,0,0.0,3.7,1.7,held_out
chrome_channel,B/8,uniform_matched,0.5,all,1,1.0152,1.0152,1.0152,1.0301,1.0301,1.0301,505,502,686.0,1251.0,1.0,0.8956,0,0.0,1.8,1.7,held_out
